id,device,timestamp,deviceId,rssi,rssiOld,beaconId,beaconName
560308606,142_(W10T_A7H_3),2022-04-26T13:06:03.364+00:00,509554898,-76,204,509542378,W10T_A7H_B-1-7
560308605,142_(W10T_A7H_3),2022-04-26T13:06:03.364+00:00,509554898,-73,201,509542314,W10T_A7H_B-1-6
560308661,142_(W10T_A7H_3),2022-04-26T13:06:11.239+00:00,509554898,-75,203,509558438,W10T_A7H_B-1-10
560308660,142_(W10T_A7H_3),2022-04-26T13:06:11.239+00:00,509554898,-73,201,509542097,W10T_A7H_B-1-2
560308711,142_(W10T_A7H_3),2022-04-26T13:06:18.343+00:00,509554898,-73,201,509542378,W10T_A7H_B-1-7
560308709,142_(W10T_A7H_3),2022-04-26T13:06:18.343+00:00,509554898,-74,202,509559720,W10T_A7H_B-1-19 TrÃ¤nke
560308766,142_(W10T_A7H_3),2022-04-26T13:06:27.460+00:00,509554898,-72,200,509558438,W10T_A7H_B-1-10
560308765,142_(W10T_A7H_3),2022-04-26T13:06:27.460+00:00,509554898,-72,200,509542378,W10T_A7H_B-1-7
560308764,142_(W10T_A7H_3),2022-04-26T13:06:27.460+00:00,509554898,-74,202,509542097,W10T_A7H_B-1-2
560308806,142_(W10T_A7H_3),2022-04-26T13:06:32.553+00:00,509554898,-72,200,509559720,W10T_A7H_B-1-19 TrÃ¤nke
560308805,142_(W10T_A7H_3),2022-04-26T13:06:32.553+00:00,509554898,-75,203,509542378,W10T_A7H_B-1-7
560308804,142_(W10T_A7H_3),2022-04-26T13:06:32.553+00:00,509554898,-75,203,509542097,W10T_A7H_B-1-2
560308859,142_(W10T_A7H_3),2022-04-26T13:06:42.668+00:00,509554898,-76,204,509542097,W10T_A7H_B-1-2
560308858,142_(W10T_A7H_3),2022-04-26T13:06:42.668+00:00,509554898,-75,203,509559720,W10T_A7H_B-1-19 TrÃ¤nke
560308857,142_(W10T_A7H_3),2022-04-26T13:06:42.668+00:00,509554898,-76,204,509542378,W10T_A7H_B-1-7
560308881,142_(W10T_A7H_3),2022-04-26T13:06:48.777+00:00,509554898,-75,203,509558438,W10T_A7H_B-1-10
560308922,142_(W10T_A7H_3),2022-04-26T13:06:53.869+00:00,509554898,-74,202,509559720,W10T_A7H_B-1-19 TrÃ¤nke
560308921,142_(W10T_A7H_3),2022-04-26T13:06:53.869+00:00,509554898,-72,200,509558438,W10T_A7H_B-1-10
560308970,142_(W10T_A7H_3),2022-04-26T13:07:01.983+00:00,509554898,-73,201,509542378,W10T_A7H_B-1-7
560308968,142_(W10T_A7H_3),2022-04-26T13:07:01.983+00:00,509554898,-75,203,509542097,W10T_A7H_B-1-2
560309045,142_(W10T_A7H_3),2022-04-26T13:07:08.078+00:00,509554898,-79,207,509542097,W10T_A7H_B-1-2
560309249,142_(W10T_A7H_3),2022-04-26T13:07:47.499+00:00,509554898,-72,200,509542378,W10T_A7H_B-1-7
560309248,142_(W10T_A7H_3),2022-04-26T13:07:47.499+00:00,509554898,-78,206,509542097,W10T_A7H_B-1-2
560309287,142_(W10T_A7H_3),2022-04-26T13:07:54.601+00:00,509554898,-73,201,509542378,W10T_A7H_B-1-7
560309285,142_(W10T_A7H_3),2022-04-26T13:07:54.601+00:00,509554898,-72,200,509559720,W10T_A7H_B-1-19 TrÃ¤nke
560309412,142_(W10T_A7H_3),2022-04-26T13:08:09.944+00:00,509554898,-73,201,509542378,W10T_A7H_B-1-7
560309410,142_(W10T_A7H_3),2022-04-26T13:08:09.944+00:00,509554898,-73,201,509559720,W10T_A7H_B-1-19 TrÃ¤nke
560309413,142_(W10T_A7H_3),2022-04-26T13:08:09.944+00:00,509554898,-77,205,509542097,W10T_A7H_B-1-2
560309729,142_(W10T_A7H_3),2022-04-26T13:09:02.586+00:00,509554898,-75,203,509542097,W10T_A7H_B-1-2
560309728,142_(W10T_A7H_3),2022-04-26T13:09:02.586+00:00,509554898,-72,200,509542378,W10T_A7H_B-1-7
560309727,142_(W10T_A7H_3),2022-04-26T13:09:02.586+00:00,509554898,-73,201,509559720,W10T_A7H_B-1-19 TrÃ¤nke
560309804,142_(W10T_A7H_3),2022-04-26T13:09:10.696+00:00,509554898,-74,202,509542097,W10T_A7H_B-1-2
560309803,142_(W10T_A7H_3),2022-04-26T13:09:10.696+00:00,509554898,-72,200,509558566,W10T_A7H_B-1-11
560309893,142_(W10T_A7H_3),2022-04-26T13:09:28.551+00:00,509554898,-72,200,509542097,W10T_A7H_B-1-2
560309892,142_(W10T_A7H_3),2022-04-26T13:09:28.551+00:00,509554898,-73,201,509542314,W10T_A7H_B-1-6
560309891,142_(W10T_A7H_3),2022-04-26T13:09:28.551+00:00,509554898,-75,203,509559720,W10T_A7H_B-1-19 TrÃ¤nke
560309940,142_(W10T_A7H_3),2022-04-26T13:09:35.656+00:00,509554898,-72,200,509559720,W10T_A7H_B-1-19 TrÃ¤nke
560309939,142_(W10T_A7H_3),2022-04-26T13:09:35.656+00:00,509554898,-72,200,509542314,W10T_A7H_B-1-6
560309992,142_(W10T_A7H_3),2022-04-26T13:09:48.569+00:00,509554898,-73,201,509542378,W10T_A7H_B-1-7
560309991,142_(W10T_A7H_3),2022-04-26T13:09:48.569+00:00,509554898,-79,207,509542097,W10T_A7H_B-1-2
560310033,142_(W10T_A7H_3),2022-04-26T13:09:55.675+00:00,509554898,-78,206,509542097,W10T_A7H_B-1-2
560310032,142_(W10T_A7H_3),2022-04-26T13:09:55.675+00:00,509554898,-72,200,509558438,W10T_A7H_B-1-10
560312453,142_(W10T_A7H_3),2022-04-26T13:16:38.684+00:00,509554898,-73,201,509542378,W10T_A7H_B-1-7
560312452,142_(W10T_A7H_3),2022-04-26T13:16:38.684+00:00,509554898,-80,208,509542097,W10T_A7H_B-1-2
560312451,142_(W10T_A7H_3),2022-04-26T13:16:38.684+00:00,509554898,-72,200,509558438,W10T_A7H_B-1-10
560312494,142_(W10T_A7H_3),2022-04-26T13:16:46.799+00:00,509554898,-79,207,509542097,W10T_A7H_B-1-2
560312493,142_(W10T_A7H_3),2022-04-26T13:16:46.799+00:00,509554898,-75,203,509542378,W10T_A7H_B-1-7
560312557,142_(W10T_A7H_3),2022-04-26T13:16:56.124+00:00,509554898,-72,200,509542378,W10T_A7H_B-1-7
560312556,142_(W10T_A7H_3),2022-04-26T13:16:56.124+00:00,509554898,-71,199,509559720,W10T_A7H_B-1-19 TrÃ¤nke
560312555,142_(W10T_A7H_3),2022-04-26T13:16:56.124+00:00,509554898,-74,202,509542097,W10T_A7H_B-1-2
560312627,142_(W10T_A7H_3),2022-04-26T13:17:03.229+00:00,509554898,-71,199,509542378,W10T_A7H_B-1-7
560312623,142_(W10T_A7H_3),2022-04-26T13:17:03.229+00:00,509554898,-79,207,509542097,W10T_A7H_B-1-2
560312667,142_(W10T_A7H_3),2022-04-26T13:17:10.334+00:00,509554898,-72,200,509558243,W10T_A7H_B-1-8 AMS
560312666,142_(W10T_A7H_3),2022-04-26T13:17:10.334+00:00,509554898,-73,201,509542378,W10T_A7H_B-1-7
560312665,142_(W10T_A7H_3),2022-04-26T13:17:10.334+00:00,509554898,-78,206,509542097,W10T_A7H_B-1-2
560312725,142_(W10T_A7H_3),2022-04-26T13:17:17.438+00:00,509554898,-71,199,509559720,W10T_A7H_B-1-19 TrÃ¤nke
560312724,142_(W10T_A7H_3),2022-04-26T13:17:17.438+00:00,509554898,-80,208,509542097,W10T_A7H_B-1-2
560313201,142_(W10T_A7H_3),2022-04-26T13:18:35.604+00:00,509554898,-75,203,509542097,W10T_A7H_B-1-2
560313200,142_(W10T_A7H_3),2022-04-26T13:18:35.604+00:00,509554898,-73,201,509558438,W10T_A7H_B-1-10
560313195,142_(W10T_A7H_3),2022-04-26T13:18:35.604+00:00,509554898,-73,201,509542378,W10T_A7H_B-1-7
560313277,142_(W10T_A7H_3),2022-04-26T13:18:47.729+00:00,509554898,-73,201,509542097,W10T_A7H_B-1-2
560313288,142_(W10T_A7H_3),2022-04-26T13:18:49.813+00:00,509554898,-75,203,509542378,W10T_A7H_B-1-7
560313287,142_(W10T_A7H_3),2022-04-26T13:18:49.813+00:00,509554898,-67,195,509542264,W10T_A7H_B-1-5
560313431,142_(W10T_A7H_3),2022-04-26T13:19:09.295+00:00,509554898,-74,202,509542378,W10T_A7H_B-1-7
560313430,142_(W10T_A7H_3),2022-04-26T13:19:09.295+00:00,509554898,-76,204,509559720,W10T_A7H_B-1-19 TrÃ¤nke
560313429,142_(W10T_A7H_3),2022-04-26T13:19:09.295+00:00,509554898,-72,200,509542097,W10T_A7H_B-1-2
560313487,142_(W10T_A7H_3),2022-04-26T13:19:18.407+00:00,509554898,-75,203,509542097,W10T_A7H_B-1-2
560313486,142_(W10T_A7H_3),2022-04-26T13:19:18.407+00:00,509554898,-75,203,509542378,W10T_A7H_B-1-7
560313513,142_(W10T_A7H_3),2022-04-26T13:19:23.504+00:00,509554898,-74,202,509542097,W10T_A7H_B-1-2
560313579,142_(W10T_A7H_3),2022-04-26T13:19:36.544+00:00,509554898,-72,200,509559720,W10T_A7H_B-1-19 TrÃ¤nke
560313578,142_(W10T_A7H_3),2022-04-26T13:19:36.544+00:00,509554898,-70,198,509542378,W10T_A7H_B-1-7
560313637,142_(W10T_A7H_3),2022-04-26T13:19:45.656+00:00,509554898,-71,199,509559720,W10T_A7H_B-1-19 TrÃ¤nke
560313636,142_(W10T_A7H_3),2022-04-26T13:19:45.656+00:00,509554898,-71,199,509542378,W10T_A7H_B-1-7
560313634,142_(W10T_A7H_3),2022-04-26T13:19:45.656+00:00,509554898,-72,200,509542097,W10T_A7H_B-1-2
560313672,142_(W10T_A7H_3),2022-04-26T13:19:50.757+00:00,509554898,-71,199,509558438,W10T_A7H_B-1-10
560313671,142_(W10T_A7H_3),2022-04-26T13:19:50.757+00:00,509554898,-70,198,509542097,W10T_A7H_B-1-2
560313670,142_(W10T_A7H_3),2022-04-26T13:19:50.757+00:00,509554898,-71,199,509542029,W10T_A7H_B-1-1
560313718,142_(W10T_A7H_3),2022-04-26T13:19:58.644+00:00,509554898,-73,201,509542378,W10T_A7H_B-1-7
560313795,142_(W10T_A7H_3),2022-04-26T13:20:05.748+00:00,509554898,-74,202,509542097,W10T_A7H_B-1-2
560313838,142_(W10T_A7H_3),2022-04-26T13:20:12.853+00:00,509554898,-77,205,509542097,W10T_A7H_B-1-2
560313837,142_(W10T_A7H_3),2022-04-26T13:20:12.853+00:00,509554898,-71,199,509558438,W10T_A7H_B-1-10
560313836,142_(W10T_A7H_3),2022-04-26T13:20:12.853+00:00,509554898,-70,198,509559507,W10T_A7H_B-1-16
560313859,142_(W10T_A7H_3),2022-04-26T13:20:19.957+00:00,509554898,-75,203,509542097,W10T_A7H_B-1-2
560313858,142_(W10T_A7H_3),2022-04-26T13:20:19.957+00:00,509554898,-74,202,509542378,W10T_A7H_B-1-7
560313911,142_(W10T_A7H_3),2022-04-26T13:20:28.071+00:00,509554898,-77,205,509542097,W10T_A7H_B-1-2
560313910,142_(W10T_A7H_3),2022-04-26T13:20:28.071+00:00,509554898,-73,201,509558438,W10T_A7H_B-1-10
560313951,142_(W10T_A7H_3),2022-04-26T13:20:36.170+00:00,509554898,-73,201,509542097,W10T_A7H_B-1-2
560313950,142_(W10T_A7H_3),2022-04-26T13:20:36.170+00:00,509554898,-73,201,509542314,W10T_A7H_B-1-6
560313947,142_(W10T_A7H_3),2022-04-26T13:20:36.170+00:00,509554898,-72,200,509542378,W10T_A7H_B-1-7
560314002,142_(W10T_A7H_3),2022-04-26T13:20:41.274+00:00,509554898,-71,199,509558438,W10T_A7H_B-1-10
560314036,142_(W10T_A7H_3),2022-04-26T13:20:48.379+00:00,509554898,-70,198,509559720,W10T_A7H_B-1-19 TrÃ¤nke
560314035,142_(W10T_A7H_3),2022-04-26T13:20:48.379+00:00,509554898,-70,198,509558438,W10T_A7H_B-1-10
560314034,142_(W10T_A7H_3),2022-04-26T13:20:48.379+00:00,509554898,-70,198,509542097,W10T_A7H_B-1-2
560314092,142_(W10T_A7H_3),2022-04-26T13:20:55.484+00:00,509554898,-69,197,509558351,W10T_A7H_B-1-9
560314091,142_(W10T_A7H_3),2022-04-26T13:20:55.484+00:00,509554898,-69,197,509542097,W10T_A7H_B-1-2
560314090,142_(W10T_A7H_3),2022-04-26T13:20:55.484+00:00,509554898,-69,197,509558438,W10T_A7H_B-1-10
560314135,142_(W10T_A7H_3),2022-04-26T13:21:02.588+00:00,509554898,-71,199,509542378,W10T_A7H_B-1-7
560314134,142_(W10T_A7H_3),2022-04-26T13:21:02.588+00:00,509554898,-73,201,509542097,W10T_A7H_B-1-2
560314132,142_(W10T_A7H_3),2022-04-26T13:21:02.588+00:00,509554898,-70,198,509542314,W10T_A7H_B-1-6
560314213,142_(W10T_A7H_3),2022-04-26T13:21:09.693+00:00,509554898,-70,198,509542378,W10T_A7H_B-1-7
560314211,142_(W10T_A7H_3),2022-04-26T13:21:09.693+00:00,509554898,-71,199,509558438,W10T_A7H_B-1-10
560314260,142_(W10T_A7H_3),2022-04-26T13:21:16.800+00:00,509554898,-70,198,509558351,W10T_A7H_B-1-9
560314259,142_(W10T_A7H_3),2022-04-26T13:21:16.800+00:00,509554898,-70,198,509558438,W10T_A7H_B-1-10
560314299,142_(W10T_A7H_3),2022-04-26T13:21:23.905+00:00,509554898,-71,199,509558351,W10T_A7H_B-1-9
560314298,142_(W10T_A7H_3),2022-04-26T13:21:23.905+00:00,509554898,-72,200,509542314,W10T_A7H_B-1-6
560314296,142_(W10T_A7H_3),2022-04-26T13:21:23.905+00:00,509554898,-72,200,509542097,W10T_A7H_B-1-2
560314350,142_(W10T_A7H_3),2022-04-26T13:21:33.016+00:00,509554898,-73,201,509542378,W10T_A7H_B-1-7
560314349,142_(W10T_A7H_3),2022-04-26T13:21:33.016+00:00,509554898,-71,199,509542097,W10T_A7H_B-1-2
560314348,142_(W10T_A7H_3),2022-04-26T13:21:33.016+00:00,509554898,-71,199,509558566,W10T_A7H_B-1-11
560314371,142_(W10T_A7H_3),2022-04-26T13:21:38.114+00:00,509554898,-70,198,509542314,W10T_A7H_B-1-6
560314370,142_(W10T_A7H_3),2022-04-26T13:21:38.114+00:00,509554898,-70,198,509558351,W10T_A7H_B-1-9
560314369,142_(W10T_A7H_3),2022-04-26T13:21:38.114+00:00,509554898,-70,198,509542097,W10T_A7H_B-1-2
560314423,142_(W10T_A7H_3),2022-04-26T13:21:46.223+00:00,509554898,-71,199,509559720,W10T_A7H_B-1-19 TrÃ¤nke
560314470,142_(W10T_A7H_3),2022-04-26T13:21:52.323+00:00,509554898,-71,199,509542378,W10T_A7H_B-1-7
560314469,142_(W10T_A7H_3),2022-04-26T13:21:52.323+00:00,509554898,-72,200,509542314,W10T_A7H_B-1-6
560314517,142_(W10T_A7H_3),2022-04-26T13:21:59.430+00:00,509554898,-71,199,509542097,W10T_A7H_B-1-2
560314516,142_(W10T_A7H_3),2022-04-26T13:21:59.430+00:00,509554898,-72,200,509558566,W10T_A7H_B-1-11
560314592,142_(W10T_A7H_3),2022-04-26T13:22:06.535+00:00,509554898,-72,200,509542097,W10T_A7H_B-1-2
560314591,142_(W10T_A7H_3),2022-04-26T13:22:06.535+00:00,509554898,-71,199,509558351,W10T_A7H_B-1-9
560314590,142_(W10T_A7H_3),2022-04-26T13:22:06.535+00:00,509554898,-74,202,509542378,W10T_A7H_B-1-7
560314659,142_(W10T_A7H_3),2022-04-26T13:22:13.639+00:00,509554898,-72,200,509558438,W10T_A7H_B-1-10
560314658,142_(W10T_A7H_3),2022-04-26T13:22:13.639+00:00,509554898,-75,203,509542378,W10T_A7H_B-1-7
560314692,142_(W10T_A7H_3),2022-04-26T13:22:20.744+00:00,509554898,-73,201,509542097,W10T_A7H_B-1-2
560314691,142_(W10T_A7H_3),2022-04-26T13:22:20.744+00:00,509554898,-71,199,509559720,W10T_A7H_B-1-19 TrÃ¤nke
560314768,142_(W10T_A7H_3),2022-04-26T13:22:32.564+00:00,509554898,-75,203,509542097,W10T_A7H_B-1-2
560314767,142_(W10T_A7H_3),2022-04-26T13:22:32.564+00:00,509554898,-71,199,509542314,W10T_A7H_B-1-6
560314766,142_(W10T_A7H_3),2022-04-26T13:22:32.564+00:00,509554898,-72,200,509558438,W10T_A7H_B-1-10
560314804,142_(W10T_A7H_3),2022-04-26T13:22:38.669+00:00,509554898,-71,199,509558566,W10T_A7H_B-1-11
560314803,142_(W10T_A7H_3),2022-04-26T13:22:38.669+00:00,509554898,-71,199,509558438,W10T_A7H_B-1-10
560314802,142_(W10T_A7H_3),2022-04-26T13:22:38.669+00:00,509554898,-73,201,509542097,W10T_A7H_B-1-2
560314841,142_(W10T_A7H_3),2022-04-26T13:22:44.768+00:00,509554898,-74,202,509559720,W10T_A7H_B-1-19 TrÃ¤nke
560314840,142_(W10T_A7H_3),2022-04-26T13:22:44.768+00:00,509554898,-72,200,509542097,W10T_A7H_B-1-2
560314839,142_(W10T_A7H_3),2022-04-26T13:22:44.768+00:00,509554898,-74,202,509558351,W10T_A7H_B-1-9
560314876,142_(W10T_A7H_3),2022-04-26T13:22:52.876+00:00,509554898,-72,200,509558438,W10T_A7H_B-1-10
560314910,142_(W10T_A7H_3),2022-04-26T13:22:58.980+00:00,509554898,-72,200,509542378,W10T_A7H_B-1-7
560314907,142_(W10T_A7H_3),2022-04-26T13:22:58.980+00:00,509554898,-72,200,509542314,W10T_A7H_B-1-6
560314911,142_(W10T_A7H_3),2022-04-26T13:22:58.980+00:00,509554898,-73,201,509542097,W10T_A7H_B-1-2
560314992,142_(W10T_A7H_3),2022-04-26T13:23:06.084+00:00,509554898,-72,200,509558351,W10T_A7H_B-1-9
560314991,142_(W10T_A7H_3),2022-04-26T13:23:06.084+00:00,509554898,-74,202,509542378,W10T_A7H_B-1-7
560314989,142_(W10T_A7H_3),2022-04-26T13:23:06.084+00:00,509554898,-72,200,509542097,W10T_A7H_B-1-2
560315044,142_(W10T_A7H_3),2022-04-26T13:23:15.843+00:00,509554898,-71,199,509542378,W10T_A7H_B-1-7
560315043,142_(W10T_A7H_3),2022-04-26T13:23:15.843+00:00,509554898,-71,199,509558351,W10T_A7H_B-1-9
560315099,142_(W10T_A7H_3),2022-04-26T13:23:23.955+00:00,509554898,-76,204,509542097,W10T_A7H_B-1-2
560315098,142_(W10T_A7H_3),2022-04-26T13:23:23.955+00:00,509554898,-71,199,509558438,W10T_A7H_B-1-10
560315131,142_(W10T_A7H_3),2022-04-26T13:23:31.063+00:00,509554898,-74,202,509542097,W10T_A7H_B-1-2
560315130,142_(W10T_A7H_3),2022-04-26T13:23:31.063+00:00,509554898,-71,199,509542314,W10T_A7H_B-1-6
560315166,142_(W10T_A7H_3),2022-04-26T13:23:37.159+00:00,509554898,-73,201,509542097,W10T_A7H_B-1-2
560315165,142_(W10T_A7H_3),2022-04-26T13:23:37.159+00:00,509554898,-72,200,509542378,W10T_A7H_B-1-7
560315164,142_(W10T_A7H_3),2022-04-26T13:23:37.159+00:00,509554898,-72,200,509558351,W10T_A7H_B-1-9
560315212,142_(W10T_A7H_3),2022-04-26T13:23:44.264+00:00,509554898,-75,203,509542097,W10T_A7H_B-1-2
560315211,142_(W10T_A7H_3),2022-04-26T13:23:44.264+00:00,509554898,-72,200,509558438,W10T_A7H_B-1-10
560315263,142_(W10T_A7H_3),2022-04-26T13:23:51.368+00:00,509554898,-73,201,509542314,W10T_A7H_B-1-6
560315261,142_(W10T_A7H_3),2022-04-26T13:23:51.368+00:00,509554898,-76,204,509542097,W10T_A7H_B-1-2
560315289,142_(W10T_A7H_3),2022-04-26T13:23:58.473+00:00,509554898,-74,202,509542097,W10T_A7H_B-1-2
560315288,142_(W10T_A7H_3),2022-04-26T13:23:58.473+00:00,509554898,-72,200,509558243,W10T_A7H_B-1-8 AMS
560315380,142_(W10T_A7H_3),2022-04-26T13:24:07.594+00:00,509554898,-71,199,509558438,W10T_A7H_B-1-10
560315379,142_(W10T_A7H_3),2022-04-26T13:24:07.594+00:00,509554898,-72,200,509542029,W10T_A7H_B-1-1
560315378,142_(W10T_A7H_3),2022-04-26T13:24:07.594+00:00,509554898,-75,203,509542097,W10T_A7H_B-1-2
560315416,142_(W10T_A7H_3),2022-04-26T13:24:12.685+00:00,509554898,-70,198,509542314,W10T_A7H_B-1-6
560315415,142_(W10T_A7H_3),2022-04-26T13:24:12.685+00:00,509554898,-77,205,509542097,W10T_A7H_B-1-2
560315470,142_(W10T_A7H_3),2022-04-26T13:24:21.794+00:00,509554898,-73,201,509542097,W10T_A7H_B-1-2
560315502,142_(W10T_A7H_3),2022-04-26T13:24:27.897+00:00,509554898,-70,198,509542378,W10T_A7H_B-1-7
560315501,142_(W10T_A7H_3),2022-04-26T13:24:27.897+00:00,509554898,-70,198,509559720,W10T_A7H_B-1-19 TrÃ¤nke
560315500,142_(W10T_A7H_3),2022-04-26T13:24:27.897+00:00,509554898,-74,202,509542097,W10T_A7H_B-1-2
560315547,142_(W10T_A7H_3),2022-04-26T13:24:33.999+00:00,509554898,-70,198,509558438,W10T_A7H_B-1-10
560315546,142_(W10T_A7H_3),2022-04-26T13:24:33.999+00:00,509554898,-75,203,509542097,W10T_A7H_B-1-2
560315545,142_(W10T_A7H_3),2022-04-26T13:24:33.999+00:00,509554898,-71,199,509542314,W10T_A7H_B-1-6
560315591,142_(W10T_A7H_3),2022-04-26T13:24:42.649+00:00,509554898,-71,199,509542029,W10T_A7H_B-1-1
560315590,142_(W10T_A7H_3),2022-04-26T13:24:42.649+00:00,509554898,-72,200,509542097,W10T_A7H_B-1-2
560315629,142_(W10T_A7H_3),2022-04-26T13:24:49.754+00:00,509554898,-75,203,509542097,W10T_A7H_B-1-2
560315628,142_(W10T_A7H_3),2022-04-26T13:24:49.754+00:00,509554898,-71,199,509542378,W10T_A7H_B-1-7
560315627,142_(W10T_A7H_3),2022-04-26T13:24:49.754+00:00,509554898,-70,198,509558438,W10T_A7H_B-1-10
560315671,142_(W10T_A7H_3),2022-04-26T13:24:57.866+00:00,509554898,-71,199,509542097,W10T_A7H_B-1-2
560315670,142_(W10T_A7H_3),2022-04-26T13:24:57.866+00:00,509554898,-70,198,509542029,W10T_A7H_B-1-1
560315669,142_(W10T_A7H_3),2022-04-26T13:24:57.866+00:00,509554898,-71,199,509558438,W10T_A7H_B-1-10
560315741,142_(W10T_A7H_3),2022-04-26T13:25:04.968+00:00,509554898,-71,199,509542029,W10T_A7H_B-1-1
560315740,142_(W10T_A7H_3),2022-04-26T13:25:04.968+00:00,509554898,-70,198,509542314,W10T_A7H_B-1-6
560315739,142_(W10T_A7H_3),2022-04-26T13:25:04.968+00:00,509554898,-76,204,509542097,W10T_A7H_B-1-2
560315782,142_(W10T_A7H_3),2022-04-26T13:25:11.071+00:00,509554898,-70,198,509558351,W10T_A7H_B-1-9
560315827,142_(W10T_A7H_3),2022-04-26T13:25:18.176+00:00,509554898,-72,200,509542029,W10T_A7H_B-1-1
560315826,142_(W10T_A7H_3),2022-04-26T13:25:18.176+00:00,509554898,-72,200,509542314,W10T_A7H_B-1-6
560315868,142_(W10T_A7H_3),2022-04-26T13:25:25.280+00:00,509554898,-72,200,509558438,W10T_A7H_B-1-10
560315866,142_(W10T_A7H_3),2022-04-26T13:25:25.280+00:00,509554898,-76,204,509542097,W10T_A7H_B-1-2
560315904,142_(W10T_A7H_3),2022-04-26T13:25:32.385+00:00,509554898,-74,202,509558438,W10T_A7H_B-1-10
560315903,142_(W10T_A7H_3),2022-04-26T13:25:32.385+00:00,509554898,-77,205,509542097,W10T_A7H_B-1-2
560315984,142_(W10T_A7H_3),2022-04-26T13:25:46.594+00:00,509554898,-76,204,509542097,W10T_A7H_B-1-2
560315983,142_(W10T_A7H_3),2022-04-26T13:25:46.594+00:00,509554898,-72,200,509542314,W10T_A7H_B-1-6
560316025,142_(W10T_A7H_3),2022-04-26T13:25:53.701+00:00,509554898,-78,206,509542097,W10T_A7H_B-1-2
560316024,142_(W10T_A7H_3),2022-04-26T13:25:53.701+00:00,509554898,-73,201,509542314,W10T_A7H_B-1-6
560316069,142_(W10T_A7H_3),2022-04-26T13:26:01.811+00:00,509554898,-72,200,509542314,W10T_A7H_B-1-6
560316068,142_(W10T_A7H_3),2022-04-26T13:26:01.811+00:00,509554898,-75,203,509542097,W10T_A7H_B-1-2
560316067,142_(W10T_A7H_3),2022-04-26T13:26:01.811+00:00,509554898,-73,201,509558438,W10T_A7H_B-1-10
560316149,142_(W10T_A7H_3),2022-04-26T13:26:07.909+00:00,509554898,-71,199,509558438,W10T_A7H_B-1-10
560316191,142_(W10T_A7H_3),2022-04-26T13:26:15.014+00:00,509554898,-69,197,509558438,W10T_A7H_B-1-10
560316190,142_(W10T_A7H_3),2022-04-26T13:26:15.014+00:00,509554898,-71,199,509558351,W10T_A7H_B-1-9
560316243,142_(W10T_A7H_3),2022-04-26T13:26:22.637+00:00,509554898,-71,199,509542378,W10T_A7H_B-1-7
560316242,142_(W10T_A7H_3),2022-04-26T13:26:22.637+00:00,509554898,-74,202,509542097,W10T_A7H_B-1-2
560316287,142_(W10T_A7H_3),2022-04-26T13:26:29.743+00:00,509554898,-70,198,509542378,W10T_A7H_B-1-7
560316286,142_(W10T_A7H_3),2022-04-26T13:26:29.743+00:00,509554898,-70,198,509558438,W10T_A7H_B-1-10
560316285,142_(W10T_A7H_3),2022-04-26T13:26:29.743+00:00,509554898,-76,204,509542097,W10T_A7H_B-1-2
560316339,142_(W10T_A7H_3),2022-04-26T13:26:40.889+00:00,509554898,-71,199,509542378,W10T_A7H_B-1-7
560316338,142_(W10T_A7H_3),2022-04-26T13:26:40.889+00:00,509554898,-70,198,509542314,W10T_A7H_B-1-6
560316398,142_(W10T_A7H_3),2022-04-26T13:26:47.989+00:00,509554898,-76,204,509542097,W10T_A7H_B-1-2
560316397,142_(W10T_A7H_3),2022-04-26T13:26:47.989+00:00,509554898,-71,199,509542029,W10T_A7H_B-1-1
560316395,142_(W10T_A7H_3),2022-04-26T13:26:47.989+00:00,509554898,-71,199,509542314,W10T_A7H_B-1-6
560316445,142_(W10T_A7H_3),2022-04-26T13:26:55.098+00:00,509554898,-71,199,509558351,W10T_A7H_B-1-9
560316444,142_(W10T_A7H_3),2022-04-26T13:26:55.098+00:00,509554898,-75,203,509542097,W10T_A7H_B-1-2
560316443,142_(W10T_A7H_3),2022-04-26T13:26:55.098+00:00,509554898,-70,198,509542378,W10T_A7H_B-1-7
560316481,142_(W10T_A7H_3),2022-04-26T13:27:01.196+00:00,509554898,-69,197,509558438,W10T_A7H_B-1-10
560316567,142_(W10T_A7H_3),2022-04-26T13:27:08.301+00:00,509554898,-76,204,509542097,W10T_A7H_B-1-2
560316566,142_(W10T_A7H_3),2022-04-26T13:27:08.301+00:00,509554898,-71,199,509542378,W10T_A7H_B-1-7
560316565,142_(W10T_A7H_3),2022-04-26T13:27:08.301+00:00,509554898,-70,198,509559342,W10T_A7H_B-1-14
560316634,142_(W10T_A7H_3),2022-04-26T13:27:19.433+00:00,509554898,-72,200,509558438,W10T_A7H_B-1-10
560316632,142_(W10T_A7H_3),2022-04-26T13:27:19.433+00:00,509554898,-77,205,509542097,W10T_A7H_B-1-2
560316651,142_(W10T_A7H_3),2022-04-26T13:27:22.510+00:00,509554898,-71,199,509559720,W10T_A7H_B-1-19 TrÃ¤nke
560316650,142_(W10T_A7H_3),2022-04-26T13:27:22.510+00:00,509554898,-78,206,509542097,W10T_A7H_B-1-2
560316649,142_(W10T_A7H_3),2022-04-26T13:27:22.510+00:00,509554898,-73,201,509542378,W10T_A7H_B-1-7
560316678,142_(W10T_A7H_3),2022-04-26T13:27:29.615+00:00,509554898,-76,204,509542097,W10T_A7H_B-1-2
560316677,142_(W10T_A7H_3),2022-04-26T13:27:29.615+00:00,509554898,-70,198,509558438,W10T_A7H_B-1-10
560316725,142_(W10T_A7H_3),2022-04-26T13:27:37.721+00:00,509554898,-72,200,509542097,W10T_A7H_B-1-2
560316723,142_(W10T_A7H_3),2022-04-26T13:27:37.721+00:00,509554898,-76,204,509542378,W10T_A7H_B-1-7
560316767,142_(W10T_A7H_3),2022-04-26T13:27:43.827+00:00,509554898,-72,200,509542378,W10T_A7H_B-1-7
560316766,142_(W10T_A7H_3),2022-04-26T13:27:43.827+00:00,509554898,-74,202,509542097,W10T_A7H_B-1-2
560316765,142_(W10T_A7H_3),2022-04-26T13:27:43.827+00:00,509554898,-68,196,509558438,W10T_A7H_B-1-10
560316821,142_(W10T_A7H_3),2022-04-26T13:27:52.941+00:00,509554898,-72,200,509558438,W10T_A7H_B-1-10
560316820,142_(W10T_A7H_3),2022-04-26T13:27:52.941+00:00,509554898,-73,201,509542378,W10T_A7H_B-1-7
560316819,142_(W10T_A7H_3),2022-04-26T13:27:52.941+00:00,509554898,-79,207,509542097,W10T_A7H_B-1-2
560316850,142_(W10T_A7H_3),2022-04-26T13:27:58.037+00:00,509554898,-72,200,509542029,W10T_A7H_B-1-1
560316848,142_(W10T_A7H_3),2022-04-26T13:27:58.037+00:00,509554898,-76,204,509542097,W10T_A7H_B-1-2
560316920,142_(W10T_A7H_3),2022-04-26T13:28:06.148+00:00,509554898,-77,205,509542097,W10T_A7H_B-1-2
560316919,142_(W10T_A7H_3),2022-04-26T13:28:06.148+00:00,509554898,-71,199,509542029,W10T_A7H_B-1-1
560316917,142_(W10T_A7H_3),2022-04-26T13:28:06.148+00:00,509554898,-72,200,509542378,W10T_A7H_B-1-7
560316978,142_(W10T_A7H_3),2022-04-26T13:28:15.263+00:00,509554898,-76,204,509542097,W10T_A7H_B-1-2
560316977,142_(W10T_A7H_3),2022-04-26T13:28:15.263+00:00,509554898,-72,200,509558438,W10T_A7H_B-1-10
560316976,142_(W10T_A7H_3),2022-04-26T13:28:15.263+00:00,509554898,-71,199,509542378,W10T_A7H_B-1-7
560317004,142_(W10T_A7H_3),2022-04-26T13:28:20.568+00:00,509554898,-73,201,509542378,W10T_A7H_B-1-7
560317066,142_(W10T_A7H_3),2022-04-26T13:28:28.677+00:00,509554898,-78,206,509542097,W10T_A7H_B-1-2
560317134,142_(W10T_A7H_3),2022-04-26T13:28:40.983+00:00,509554898,-72,200,509542378,W10T_A7H_B-1-7
560317133,142_(W10T_A7H_3),2022-04-26T13:28:40.983+00:00,509554898,-71,199,509558438,W10T_A7H_B-1-10
560317131,142_(W10T_A7H_3),2022-04-26T13:28:40.983+00:00,509554898,-80,208,509542097,W10T_A7H_B-1-2
560317167,142_(W10T_A7H_3),2022-04-26T13:28:48.090+00:00,509554898,-72,200,509559720,W10T_A7H_B-1-19 TrÃ¤nke
560317166,142_(W10T_A7H_3),2022-04-26T13:28:48.090+00:00,509554898,-78,206,509542097,W10T_A7H_B-1-2
560317165,142_(W10T_A7H_3),2022-04-26T13:28:48.090+00:00,509554898,-75,203,509542378,W10T_A7H_B-1-7
560317225,142_(W10T_A7H_3),2022-04-26T13:28:56.245+00:00,509554898,-75,203,509542097,W10T_A7H_B-1-2
560317289,142_(W10T_A7H_3),2022-04-26T13:29:03.349+00:00,509554898,-78,206,509542097,W10T_A7H_B-1-2
560317345,142_(W10T_A7H_3),2022-04-26T13:29:10.454+00:00,509554898,-73,201,509558438,W10T_A7H_B-1-10
560317338,142_(W10T_A7H_3),2022-04-26T13:29:10.454+00:00,509554898,-72,200,509559720,W10T_A7H_B-1-19 TrÃ¤nke
560317399,142_(W10T_A7H_3),2022-04-26T13:29:18.560+00:00,509554898,-73,201,509542378,W10T_A7H_B-1-7
560317398,142_(W10T_A7H_3),2022-04-26T13:29:18.560+00:00,509554898,-76,204,509542097,W10T_A7H_B-1-2
560317397,142_(W10T_A7H_3),2022-04-26T13:29:18.560+00:00,509554898,-72,200,509558351,W10T_A7H_B-1-9
560317428,142_(W10T_A7H_3),2022-04-26T13:29:25.664+00:00,509554898,-77,205,509542097,W10T_A7H_B-1-2
560317427,142_(W10T_A7H_3),2022-04-26T13:29:25.664+00:00,509554898,-72,200,509542378,W10T_A7H_B-1-7
560317465,142_(W10T_A7H_3),2022-04-26T13:29:31.770+00:00,509554898,-80,208,509542097,W10T_A7H_B-1-2
560317464,142_(W10T_A7H_3),2022-04-26T13:29:31.770+00:00,509554898,-70,198,509558438,W10T_A7H_B-1-10
560317463,142_(W10T_A7H_3),2022-04-26T13:29:31.770+00:00,509554898,-71,199,509559720,W10T_A7H_B-1-19 TrÃ¤nke
560317508,142_(W10T_A7H_3),2022-04-26T13:29:38.875+00:00,509554898,-81,209,509542097,W10T_A7H_B-1-2
560317507,142_(W10T_A7H_3),2022-04-26T13:29:38.875+00:00,509554898,-71,199,509558438,W10T_A7H_B-1-10
560317506,142_(W10T_A7H_3),2022-04-26T13:29:38.875+00:00,509554898,-71,199,509542378,W10T_A7H_B-1-7
560317627,142_(W10T_A7H_3),2022-04-26T13:30:00.847+00:00,509554898,-72,200,509559720,W10T_A7H_B-1-19 TrÃ¤nke
560317626,142_(W10T_A7H_3),2022-04-26T13:30:00.847+00:00,509554898,-80,208,509542097,W10T_A7H_B-1-2
560317625,142_(W10T_A7H_3),2022-04-26T13:30:00.847+00:00,509554898,-72,200,509542378,W10T_A7H_B-1-7
560317691,142_(W10T_A7H_3),2022-04-26T13:30:08.961+00:00,509554898,-71,199,509542029,W10T_A7H_B-1-1
560317690,142_(W10T_A7H_3),2022-04-26T13:30:08.961+00:00,509554898,-78,206,509542097,W10T_A7H_B-1-2
560317689,142_(W10T_A7H_3),2022-04-26T13:30:08.961+00:00,509554898,-71,199,509542378,W10T_A7H_B-1-7
560317735,142_(W10T_A7H_3),2022-04-26T13:30:15.059+00:00,509554898,-77,205,509542097,W10T_A7H_B-1-2
560317755,142_(W10T_A7H_3),2022-04-26T13:30:22.163+00:00,509554898,-72,200,509542029,W10T_A7H_B-1-1
560317789,142_(W10T_A7H_3),2022-04-26T13:30:29.268+00:00,509554898,-70,198,509542378,W10T_A7H_B-1-7
560317788,142_(W10T_A7H_3),2022-04-26T13:30:29.268+00:00,509554898,-70,198,509559720,W10T_A7H_B-1-19 TrÃ¤nke
560317845,142_(W10T_A7H_3),2022-04-26T13:30:37.373+00:00,509554898,-78,206,509542097,W10T_A7H_B-1-2
560317844,142_(W10T_A7H_3),2022-04-26T13:30:37.373+00:00,509554898,-73,201,509542378,W10T_A7H_B-1-7
560317843,142_(W10T_A7H_3),2022-04-26T13:30:37.373+00:00,509554898,-69,197,509542029,W10T_A7H_B-1-1
560317928,142_(W10T_A7H_3),2022-04-26T13:30:54.598+00:00,509554898,-73,201,509542378,W10T_A7H_B-1-7
560317927,142_(W10T_A7H_3),2022-04-26T13:30:54.598+00:00,509554898,-73,201,509559720,W10T_A7H_B-1-19 TrÃ¤nke
560317926,142_(W10T_A7H_3),2022-04-26T13:30:54.598+00:00,509554898,-78,206,509542097,W10T_A7H_B-1-2
560318019,142_(W10T_A7H_3),2022-04-26T13:31:04.793+00:00,509554898,-71,199,509542029,W10T_A7H_B-1-1
560318018,142_(W10T_A7H_3),2022-04-26T13:31:04.793+00:00,509554898,-77,205,509542097,W10T_A7H_B-1-2
560318017,142_(W10T_A7H_3),2022-04-26T13:31:04.793+00:00,509554898,-72,200,509542378,W10T_A7H_B-1-7
560318118,142_(W10T_A7H_3),2022-04-26T13:31:26.106+00:00,509554898,-73,201,509558438,W10T_A7H_B-1-10
560318117,142_(W10T_A7H_3),2022-04-26T13:31:26.106+00:00,509554898,-75,203,509542097,W10T_A7H_B-1-2
560318116,142_(W10T_A7H_3),2022-04-26T13:31:26.106+00:00,509554898,-76,204,509542378,W10T_A7H_B-1-7
560318169,142_(W10T_A7H_3),2022-04-26T13:31:34.214+00:00,509554898,-78,206,509542097,W10T_A7H_B-1-2
560318305,142_(W10T_A7H_3),2022-04-26T13:31:54.526+00:00,509554898,-81,209,509542097,W10T_A7H_B-1-2
560318303,142_(W10T_A7H_3),2022-04-26T13:31:54.526+00:00,509554898,-73,201,509542378,W10T_A7H_B-1-7
560318406,142_(W10T_A7H_3),2022-04-26T13:32:09.739+00:00,509554898,-80,208,509542097,W10T_A7H_B-1-2
560318404,142_(W10T_A7H_3),2022-04-26T13:32:09.739+00:00,509554898,-73,201,509558438,W10T_A7H_B-1-10
560318402,142_(W10T_A7H_3),2022-04-26T13:32:09.739+00:00,509554898,-73,201,509542378,W10T_A7H_B-1-7
560318442,142_(W10T_A7H_3),2022-04-26T13:32:16.846+00:00,509554898,-81,209,509542097,W10T_A7H_B-1-2
560318441,142_(W10T_A7H_3),2022-04-26T13:32:16.846+00:00,509554898,-72,200,509542378,W10T_A7H_B-1-7
560318513,142_(W10T_A7H_3),2022-04-26T13:32:30.053+00:00,509554898,-77,205,509542378,W10T_A7H_B-1-7
560318571,142_(W10T_A7H_3),2022-04-26T13:32:44.261+00:00,509554898,-76,204,509542378,W10T_A7H_B-1-7
560318570,142_(W10T_A7H_3),2022-04-26T13:32:44.261+00:00,509554898,-78,206,509542097,W10T_A7H_B-1-2
560318569,142_(W10T_A7H_3),2022-04-26T13:32:44.261+00:00,509554898,-71,199,509542029,W10T_A7H_B-1-1
560318642,142_(W10T_A7H_3),2022-04-26T13:32:59.473+00:00,509554898,-74,202,509542097,W10T_A7H_B-1-2
560318641,142_(W10T_A7H_3),2022-04-26T13:32:59.473+00:00,509554898,-74,202,509542378,W10T_A7H_B-1-7
560318640,142_(W10T_A7H_3),2022-04-26T13:32:59.473+00:00,509554898,-71,199,509559720,W10T_A7H_B-1-19 TrÃ¤nke
560318707,142_(W10T_A7H_3),2022-04-26T13:33:05.577+00:00,509554898,-72,200,509558438,W10T_A7H_B-1-10
560318706,142_(W10T_A7H_3),2022-04-26T13:33:05.577+00:00,509554898,-73,201,509542097,W10T_A7H_B-1-2
560318755,142_(W10T_A7H_3),2022-04-26T13:33:14.683+00:00,509554898,-71,199,509542097,W10T_A7H_B-1-2
560318754,142_(W10T_A7H_3),2022-04-26T13:33:14.683+00:00,509554898,-69,197,509542314,W10T_A7H_B-1-6
560318753,142_(W10T_A7H_3),2022-04-26T13:33:14.683+00:00,509554898,-69,197,509558566,W10T_A7H_B-1-11
560318798,142_(W10T_A7H_3),2022-04-26T13:33:19.786+00:00,509554898,-71,199,509542029,W10T_A7H_B-1-1
560318796,142_(W10T_A7H_3),2022-04-26T13:33:19.786+00:00,509554898,-76,204,509542097,W10T_A7H_B-1-2
560318850,142_(W10T_A7H_3),2022-04-26T13:33:28.899+00:00,509554898,-74,202,509542378,W10T_A7H_B-1-7
560318849,142_(W10T_A7H_3),2022-04-26T13:33:28.899+00:00,509554898,-73,201,509542314,W10T_A7H_B-1-6
560318872,142_(W10T_A7H_3),2022-04-26T13:33:33.996+00:00,509554898,-77,205,509542097,W10T_A7H_B-1-2
560318871,142_(W10T_A7H_3),2022-04-26T13:33:33.996+00:00,509554898,-77,205,509542378,W10T_A7H_B-1-7
560318916,142_(W10T_A7H_3),2022-04-26T13:33:42.105+00:00,509554898,-76,204,509542097,W10T_A7H_B-1-2
560318915,142_(W10T_A7H_3),2022-04-26T13:33:42.105+00:00,509554898,-74,202,509558438,W10T_A7H_B-1-10
560318914,142_(W10T_A7H_3),2022-04-26T13:33:42.105+00:00,509554898,-75,203,509542378,W10T_A7H_B-1-7
560318965,142_(W10T_A7H_3),2022-04-26T13:33:48.207+00:00,509554898,-78,206,509542097,W10T_A7H_B-1-2
560319101,142_(W10T_A7H_3),2022-04-26T13:34:05.686+00:00,509554898,-72,200,509559720,W10T_A7H_B-1-19 TrÃ¤nke
560319100,142_(W10T_A7H_3),2022-04-26T13:34:05.686+00:00,509554898,-78,206,509542097,W10T_A7H_B-1-2
560319098,142_(W10T_A7H_3),2022-04-26T13:34:05.686+00:00,509554898,-74,202,509558438,W10T_A7H_B-1-10
560319137,142_(W10T_A7H_3),2022-04-26T13:34:12.790+00:00,509554898,-73,201,509542378,W10T_A7H_B-1-7
560319136,142_(W10T_A7H_3),2022-04-26T13:34:12.790+00:00,509554898,-76,204,509542097,W10T_A7H_B-1-2
560319216,142_(W10T_A7H_3),2022-04-26T13:34:28.003+00:00,509554898,-76,204,509542097,W10T_A7H_B-1-2
560319215,142_(W10T_A7H_3),2022-04-26T13:34:28.003+00:00,509554898,-74,202,509558438,W10T_A7H_B-1-10
560319253,142_(W10T_A7H_3),2022-04-26T13:34:34.107+00:00,509554898,-72,200,509542378,W10T_A7H_B-1-7
560319252,142_(W10T_A7H_3),2022-04-26T13:34:34.107+00:00,509554898,-73,201,509559720,W10T_A7H_B-1-19 TrÃ¤nke
560319296,142_(W10T_A7H_3),2022-04-26T13:34:41.211+00:00,509554898,-77,205,509542097,W10T_A7H_B-1-2
560319295,142_(W10T_A7H_3),2022-04-26T13:34:41.211+00:00,509554898,-73,201,509542314,W10T_A7H_B-1-6
560319327,142_(W10T_A7H_3),2022-04-26T13:34:48.316+00:00,509554898,-76,204,509542378,W10T_A7H_B-1-7
560319326,142_(W10T_A7H_3),2022-04-26T13:34:48.316+00:00,509554898,-78,206,509542097,W10T_A7H_B-1-2
560319391,142_(W10T_A7H_3),2022-04-26T13:34:58.439+00:00,509554898,-72,200,509558351,W10T_A7H_B-1-9
560319390,142_(W10T_A7H_3),2022-04-26T13:34:58.439+00:00,509554898,-71,199,509558438,W10T_A7H_B-1-10
560319387,142_(W10T_A7H_3),2022-04-26T13:34:58.439+00:00,509554898,-77,205,509542097,W10T_A7H_B-1-2
560319422,142_(W10T_A7H_3),2022-04-26T13:35:02.526+00:00,509554898,-70,198,509558438,W10T_A7H_B-1-10
560319418,142_(W10T_A7H_3),2022-04-26T13:35:02.526+00:00,509554898,-71,199,509542378,W10T_A7H_B-1-7
560319502,142_(W10T_A7H_3),2022-04-26T13:35:10.631+00:00,509554898,-79,207,509542097,W10T_A7H_B-1-2
560319501,142_(W10T_A7H_3),2022-04-26T13:35:10.631+00:00,509554898,-73,201,509542378,W10T_A7H_B-1-7
560319500,142_(W10T_A7H_3),2022-04-26T13:35:10.631+00:00,509554898,-71,199,509542029,W10T_A7H_B-1-1
560319560,142_(W10T_A7H_3),2022-04-26T13:35:26.327+00:00,509554898,-77,205,509542097,W10T_A7H_B-1-2
560319559,142_(W10T_A7H_3),2022-04-26T13:35:26.327+00:00,509554898,-71,199,509558438,W10T_A7H_B-1-10
560319584,142_(W10T_A7H_3),2022-04-26T13:35:32.429+00:00,509554898,-70,198,509558438,W10T_A7H_B-1-10
560319583,142_(W10T_A7H_3),2022-04-26T13:35:32.429+00:00,509554898,-70,198,509559342,W10T_A7H_B-1-14
560319626,142_(W10T_A7H_3),2022-04-26T13:35:39.534+00:00,509554898,-71,199,509542029,W10T_A7H_B-1-1
560319625,142_(W10T_A7H_3),2022-04-26T13:35:39.534+00:00,509554898,-72,200,509559720,W10T_A7H_B-1-19 TrÃ¤nke
560319624,142_(W10T_A7H_3),2022-04-26T13:35:39.534+00:00,509554898,-78,206,509542097,W10T_A7H_B-1-2
560319696,142_(W10T_A7H_3),2022-04-26T13:35:53.693+00:00,509554898,-73,201,509559720,W10T_A7H_B-1-19 TrÃ¤nke
560319695,142_(W10T_A7H_3),2022-04-26T13:35:53.693+00:00,509554898,-71,199,509542378,W10T_A7H_B-1-7
560319832,142_(W10T_A7H_3),2022-04-26T13:36:14.898+00:00,509554898,-72,200,509542029,W10T_A7H_B-1-1
560319831,142_(W10T_A7H_3),2022-04-26T13:36:14.898+00:00,509554898,-72,200,509542314,W10T_A7H_B-1-6
560319830,142_(W10T_A7H_3),2022-04-26T13:36:14.898+00:00,509554898,-78,206,509542097,W10T_A7H_B-1-2
560319878,142_(W10T_A7H_3),2022-04-26T13:36:24.015+00:00,509554898,-71,199,509558243,W10T_A7H_B-1-8 AMS
560319973,142_(W10T_A7H_3),2022-04-26T13:36:37.688+00:00,509554898,-71,199,509559342,W10T_A7H_B-1-14
560319975,142_(W10T_A7H_3),2022-04-26T13:36:37.688+00:00,509554898,-77,205,509542097,W10T_A7H_B-1-2
560319974,142_(W10T_A7H_3),2022-04-26T13:36:37.688+00:00,509554898,-74,202,509558438,W10T_A7H_B-1-10
560320020,142_(W10T_A7H_3),2022-04-26T13:36:44.792+00:00,509554898,-73,201,509542029,W10T_A7H_B-1-1
560320019,142_(W10T_A7H_3),2022-04-26T13:36:44.792+00:00,509554898,-72,200,509558438,W10T_A7H_B-1-10
560320018,142_(W10T_A7H_3),2022-04-26T13:36:44.792+00:00,509554898,-79,207,509542097,W10T_A7H_B-1-2
560320110,142_(W10T_A7H_3),2022-04-26T13:37:01.640+00:00,509554898,-72,200,509542378,W10T_A7H_B-1-7
560320109,142_(W10T_A7H_3),2022-04-26T13:37:01.640+00:00,509554898,-79,207,509542097,W10T_A7H_B-1-2
560320188,142_(W10T_A7H_3),2022-04-26T13:37:08.746+00:00,509554898,-71,199,509542029,W10T_A7H_B-1-1
560320186,142_(W10T_A7H_3),2022-04-26T13:37:08.746+00:00,509554898,-78,206,509542097,W10T_A7H_B-1-2
560320228,142_(W10T_A7H_3),2022-04-26T13:37:15.849+00:00,509554898,-76,204,509542378,W10T_A7H_B-1-7
560320221,142_(W10T_A7H_3),2022-04-26T13:37:15.849+00:00,509554898,-71,199,509559720,W10T_A7H_B-1-19 TrÃ¤nke
560320267,142_(W10T_A7H_3),2022-04-26T13:37:23.961+00:00,509554898,-77,205,509542097,W10T_A7H_B-1-2
560320295,142_(W10T_A7H_3),2022-04-26T13:37:30.208+00:00,509554898,-74,202,509542378,W10T_A7H_B-1-7
560320293,142_(W10T_A7H_3),2022-04-26T13:37:30.208+00:00,509554898,-74,202,509559720,W10T_A7H_B-1-19 TrÃ¤nke
560320327,142_(W10T_A7H_3),2022-04-26T13:37:37.313+00:00,509554898,-73,201,509542378,W10T_A7H_B-1-7
560320326,142_(W10T_A7H_3),2022-04-26T13:37:37.313+00:00,509554898,-78,206,509542097,W10T_A7H_B-1-2
560320325,142_(W10T_A7H_3),2022-04-26T13:37:37.313+00:00,509554898,-75,203,509559720,W10T_A7H_B-1-19 TrÃ¤nke
560320414,142_(W10T_A7H_3),2022-04-26T13:37:54.583+00:00,509554898,-78,206,509542097,W10T_A7H_B-1-2
560320413,142_(W10T_A7H_3),2022-04-26T13:37:54.583+00:00,509554898,-73,201,509542378,W10T_A7H_B-1-7
560320412,142_(W10T_A7H_3),2022-04-26T13:37:54.583+00:00,509554898,-71,199,509542314,W10T_A7H_B-1-6
560320494,142_(W10T_A7H_3),2022-04-26T13:38:03.703+00:00,509554898,-79,207,509542097,W10T_A7H_B-1-2
560320493,142_(W10T_A7H_3),2022-04-26T13:38:03.703+00:00,509554898,-74,202,509559720,W10T_A7H_B-1-19 TrÃ¤nke
560320522,142_(W10T_A7H_3),2022-04-26T13:38:09.800+00:00,509554898,-78,206,509542097,W10T_A7H_B-1-2
560320555,142_(W10T_A7H_3),2022-04-26T13:38:15.899+00:00,509554898,-71,199,509559720,W10T_A7H_B-1-19 TrÃ¤nke
560320548,142_(W10T_A7H_3),2022-04-26T13:38:15.899+00:00,509554898,-71,199,509542378,W10T_A7H_B-1-7
560320671,142_(W10T_A7H_3),2022-04-26T13:38:38.498+00:00,509554898,-77,205,509542097,W10T_A7H_B-1-2
560320670,142_(W10T_A7H_3),2022-04-26T13:38:38.498+00:00,509554898,-74,202,509542378,W10T_A7H_B-1-7
560320669,142_(W10T_A7H_3),2022-04-26T13:38:38.498+00:00,509554898,-71,199,509542029,W10T_A7H_B-1-1
560320699,142_(W10T_A7H_3),2022-04-26T13:38:44.596+00:00,509554898,-79,207,509542097,W10T_A7H_B-1-2
560320736,142_(W10T_A7H_3),2022-04-26T13:38:51.701+00:00,509554898,-73,201,509542029,W10T_A7H_B-1-1
560320856,142_(W10T_A7H_3),2022-04-26T13:39:07.714+00:00,509554898,-78,206,509542097,W10T_A7H_B-1-2
560320861,142_(W10T_A7H_3),2022-04-26T13:39:07.714+00:00,509554898,-72,200,509558438,W10T_A7H_B-1-10
560320899,142_(W10T_A7H_3),2022-04-26T13:39:15.828+00:00,509554898,-73,201,509542378,W10T_A7H_B-1-7
560320898,142_(W10T_A7H_3),2022-04-26T13:39:15.828+00:00,509554898,-72,200,509542029,W10T_A7H_B-1-1
560320897,142_(W10T_A7H_3),2022-04-26T13:39:15.828+00:00,509554898,-79,207,509542097,W10T_A7H_B-1-2
560320930,142_(W10T_A7H_3),2022-04-26T13:39:21.926+00:00,509554898,-81,209,509542097,W10T_A7H_B-1-2
560320929,142_(W10T_A7H_3),2022-04-26T13:39:21.926+00:00,509554898,-72,200,509542378,W10T_A7H_B-1-7
560320928,142_(W10T_A7H_3),2022-04-26T13:39:21.926+00:00,509554898,-71,199,509559720,W10T_A7H_B-1-19 TrÃ¤nke
560321002,142_(W10T_A7H_3),2022-04-26T13:39:36.135+00:00,509554898,-77,205,509542097,W10T_A7H_B-1-2
560321001,142_(W10T_A7H_3),2022-04-26T13:39:36.135+00:00,509554898,-72,200,509558438,W10T_A7H_B-1-10
560321039,142_(W10T_A7H_3),2022-04-26T13:39:43.239+00:00,509554898,-72,200,509542378,W10T_A7H_B-1-7
560321089,142_(W10T_A7H_3),2022-04-26T13:39:53.890+00:00,509554898,-79,207,509542097,W10T_A7H_B-1-2
560321088,142_(W10T_A7H_3),2022-04-26T13:39:53.890+00:00,509554898,-71,199,509542378,W10T_A7H_B-1-7
560321117,142_(W10T_A7H_3),2022-04-26T13:40:00.995+00:00,509554898,-73,201,509558438,W10T_A7H_B-1-10
560321116,142_(W10T_A7H_3),2022-04-26T13:40:00.995+00:00,509554898,-80,208,509542097,W10T_A7H_B-1-2
560321197,142_(W10T_A7H_3),2022-04-26T13:40:09.107+00:00,509554898,-72,200,509558438,W10T_A7H_B-1-10
560321196,142_(W10T_A7H_3),2022-04-26T13:40:09.107+00:00,509554898,-71,199,509542029,W10T_A7H_B-1-1
560321236,142_(W10T_A7H_3),2022-04-26T13:40:15.207+00:00,509554898,-71,199,509542378,W10T_A7H_B-1-7
560321235,142_(W10T_A7H_3),2022-04-26T13:40:15.207+00:00,509554898,-82,210,509542097,W10T_A7H_B-1-2
560321386,142_(W10T_A7H_3),2022-04-26T13:40:43.624+00:00,509554898,-79,207,509542097,W10T_A7H_B-1-2
560321434,142_(W10T_A7H_3),2022-04-26T13:40:50.731+00:00,509554898,-72,200,509542378,W10T_A7H_B-1-7
560321470,142_(W10T_A7H_3),2022-04-26T13:40:57.836+00:00,509554898,-70,198,509542378,W10T_A7H_B-1-7
560321469,142_(W10T_A7H_3),2022-04-26T13:40:57.836+00:00,509554898,-72,200,509542029,W10T_A7H_B-1-1
560321468,142_(W10T_A7H_3),2022-04-26T13:40:57.836+00:00,509554898,-78,206,509542097,W10T_A7H_B-1-2
560321563,142_(W10T_A7H_3),2022-04-26T13:41:06.943+00:00,509554898,-82,210,509542097,W10T_A7H_B-1-2
560321564,142_(W10T_A7H_3),2022-04-26T13:41:06.943+00:00,509554898,-73,201,509542378,W10T_A7H_B-1-7
560321747,142_(W10T_A7H_3),2022-04-26T13:41:40.466+00:00,509554898,-78,206,509558438,W10T_A7H_B-1-10
560321746,142_(W10T_A7H_3),2022-04-26T13:41:40.466+00:00,509554898,-81,209,509542097,W10T_A7H_B-1-2
560321780,142_(W10T_A7H_3),2022-04-26T13:41:47.570+00:00,509554898,-82,210,509542097,W10T_A7H_B-1-2
560321834,142_(W10T_A7H_3),2022-04-26T13:41:54.675+00:00,509554898,-84,212,509542097,W10T_A7H_B-1-2
560321830,142_(W10T_A7H_3),2022-04-26T13:41:54.675+00:00,509554898,-78,206,509542378,W10T_A7H_B-1-7
560321864,142_(W10T_A7H_3),2022-04-26T13:42:01.778+00:00,509554898,-78,206,509542097,W10T_A7H_B-1-2
560321942,142_(W10T_A7H_3),2022-04-26T13:42:08.883+00:00,509554898,-77,205,509542097,W10T_A7H_B-1-2
560321946,142_(W10T_A7H_3),2022-04-26T13:42:08.883+00:00,509554898,-72,200,509559342,W10T_A7H_B-1-14
560321945,142_(W10T_A7H_3),2022-04-26T13:42:08.883+00:00,509554898,-75,203,509542378,W10T_A7H_B-1-7
560321975,142_(W10T_A7H_3),2022-04-26T13:42:15.990+00:00,509554898,-79,207,509542097,W10T_A7H_B-1-2
560321998,142_(W10T_A7H_3),2022-04-26T13:42:23.095+00:00,509554898,-73,201,509558566,W10T_A7H_B-1-11
560322000,142_(W10T_A7H_3),2022-04-26T13:42:23.095+00:00,509554898,-76,204,509542378,W10T_A7H_B-1-7
560322052,142_(W10T_A7H_3),2022-04-26T13:42:35.228+00:00,509554898,-78,206,509542097,W10T_A7H_B-1-2
560322073,142_(W10T_A7H_3),2022-04-26T13:42:39.325+00:00,509554898,-77,205,509542097,W10T_A7H_B-1-2
560322071,142_(W10T_A7H_3),2022-04-26T13:42:39.325+00:00,509554898,-76,204,509542378,W10T_A7H_B-1-7
560322098,142_(W10T_A7H_3),2022-04-26T13:42:44.409+00:00,509554898,-72,200,509542029,W10T_A7H_B-1-1
560322097,142_(W10T_A7H_3),2022-04-26T13:42:44.409+00:00,509554898,-82,210,509542097,W10T_A7H_B-1-2
560322096,142_(W10T_A7H_3),2022-04-26T13:42:44.409+00:00,509554898,-72,200,509542378,W10T_A7H_B-1-7
560322123,142_(W10T_A7H_3),2022-04-26T13:42:51.514+00:00,509554898,-73,201,509558438,W10T_A7H_B-1-10
560322158,142_(W10T_A7H_3),2022-04-26T13:42:58.620+00:00,509554898,-79,207,509542097,W10T_A7H_B-1-2
560322157,142_(W10T_A7H_3),2022-04-26T13:42:58.620+00:00,509554898,-73,201,509542378,W10T_A7H_B-1-7
560322156,142_(W10T_A7H_3),2022-04-26T13:42:58.620+00:00,509554898,-72,200,509558438,W10T_A7H_B-1-10
560322222,142_(W10T_A7H_3),2022-04-26T13:43:05.725+00:00,509554898,-73,201,509542097,W10T_A7H_B-1-2
560322277,142_(W10T_A7H_3),2022-04-26T13:43:15.858+00:00,509554898,-72,200,509559720,W10T_A7H_B-1-19 TrÃ¤nke
560322276,142_(W10T_A7H_3),2022-04-26T13:43:15.858+00:00,509554898,-78,206,509542378,W10T_A7H_B-1-7
560322273,142_(W10T_A7H_3),2022-04-26T13:43:15.858+00:00,509554898,-71,199,509542097,W10T_A7H_B-1-2
560322301,142_(W10T_A7H_3),2022-04-26T13:43:19.934+00:00,509554898,-71,199,509559720,W10T_A7H_B-1-19 TrÃ¤nke
560322300,142_(W10T_A7H_3),2022-04-26T13:43:19.934+00:00,509554898,-72,200,509542097,W10T_A7H_B-1-2
560322299,142_(W10T_A7H_3),2022-04-26T13:43:19.934+00:00,509554898,-75,203,509542378,W10T_A7H_B-1-7
560322339,142_(W10T_A7H_3),2022-04-26T13:43:28.049+00:00,509554898,-74,202,509542314,W10T_A7H_B-1-6
560322338,142_(W10T_A7H_3),2022-04-26T13:43:28.049+00:00,509554898,-71,199,509542264,W10T_A7H_B-1-5
560322337,142_(W10T_A7H_3),2022-04-26T13:43:28.049+00:00,509554898,-72,200,509542378,W10T_A7H_B-1-7
560322390,142_(W10T_A7H_3),2022-04-26T13:43:36.160+00:00,509554898,-74,202,509542378,W10T_A7H_B-1-7
560322389,142_(W10T_A7H_3),2022-04-26T13:43:36.160+00:00,509554898,-73,201,509558438,W10T_A7H_B-1-10
560322388,142_(W10T_A7H_3),2022-04-26T13:43:36.160+00:00,509554898,-73,201,509542314,W10T_A7H_B-1-6
560322414,142_(W10T_A7H_3),2022-04-26T13:43:41.250+00:00,509554898,-72,200,509542097,W10T_A7H_B-1-2
560322413,142_(W10T_A7H_3),2022-04-26T13:43:41.250+00:00,509554898,-77,205,509559720,W10T_A7H_B-1-19 TrÃ¤nke
560322437,142_(W10T_A7H_3),2022-04-26T13:43:48.355+00:00,509554898,-76,204,509542378,W10T_A7H_B-1-7
560322436,142_(W10T_A7H_3),2022-04-26T13:43:48.355+00:00,509554898,-73,201,509559720,W10T_A7H_B-1-19 TrÃ¤nke
560322479,142_(W10T_A7H_3),2022-04-26T13:43:57.473+00:00,509554898,-74,202,509542378,W10T_A7H_B-1-7
560322478,142_(W10T_A7H_3),2022-04-26T13:43:57.473+00:00,509554898,-72,200,509542097,W10T_A7H_B-1-2
560322509,142_(W10T_A7H_3),2022-04-26T13:44:02.564+00:00,509554898,-72,200,509542378,W10T_A7H_B-1-7
560322508,142_(W10T_A7H_3),2022-04-26T13:44:02.564+00:00,509554898,-75,203,509559720,W10T_A7H_B-1-19 TrÃ¤nke
560322506,142_(W10T_A7H_3),2022-04-26T13:44:02.564+00:00,509554898,-70,198,509558438,W10T_A7H_B-1-10
560322572,142_(W10T_A7H_3),2022-04-26T13:44:09.668+00:00,509554898,-76,204,509542378,W10T_A7H_B-1-7
560322571,142_(W10T_A7H_3),2022-04-26T13:44:09.668+00:00,509554898,-73,201,509559720,W10T_A7H_B-1-19 TrÃ¤nke
560322570,142_(W10T_A7H_3),2022-04-26T13:44:09.668+00:00,509554898,-74,202,509542314,W10T_A7H_B-1-6
560322606,142_(W10T_A7H_3),2022-04-26T13:44:17.775+00:00,509554898,-73,201,509542097,W10T_A7H_B-1-2
560322604,142_(W10T_A7H_3),2022-04-26T13:44:17.775+00:00,509554898,-73,201,509542314,W10T_A7H_B-1-6
560322647,142_(W10T_A7H_3),2022-04-26T13:44:26.900+00:00,509554898,-72,200,509542378,W10T_A7H_B-1-7
560322665,142_(W10T_A7H_3),2022-04-26T13:44:30.985+00:00,509554898,-71,199,509542378,W10T_A7H_B-1-7
560322664,142_(W10T_A7H_3),2022-04-26T13:44:30.985+00:00,509554898,-70,198,509542314,W10T_A7H_B-1-6
560322666,142_(W10T_A7H_3),2022-04-26T13:44:30.985+00:00,509554898,-70,198,509558438,W10T_A7H_B-1-10
560322698,142_(W10T_A7H_3),2022-04-26T13:44:38.090+00:00,509554898,-70,198,509542378,W10T_A7H_B-1-7
560322697,142_(W10T_A7H_3),2022-04-26T13:44:38.090+00:00,509554898,-69,197,509542097,W10T_A7H_B-1-2
560322696,142_(W10T_A7H_3),2022-04-26T13:44:38.090+00:00,509554898,-69,197,509542314,W10T_A7H_B-1-6
560322730,142_(W10T_A7H_3),2022-04-26T13:44:45.195+00:00,509554898,-72,200,509542378,W10T_A7H_B-1-7
560322729,142_(W10T_A7H_3),2022-04-26T13:44:45.195+00:00,509554898,-73,201,509542029,W10T_A7H_B-1-1
560322728,142_(W10T_A7H_3),2022-04-26T13:44:45.195+00:00,509554898,-72,200,509542097,W10T_A7H_B-1-2
560322753,142_(W10T_A7H_3),2022-04-26T13:44:52.299+00:00,509554898,-74,202,509542378,W10T_A7H_B-1-7
560322797,142_(W10T_A7H_3),2022-04-26T13:45:00.408+00:00,509554898,-75,203,509559720,W10T_A7H_B-1-19 TrÃ¤nke
560322796,142_(W10T_A7H_3),2022-04-26T13:45:00.408+00:00,509554898,-72,200,509542097,W10T_A7H_B-1-2
560322858,142_(W10T_A7H_3),2022-04-26T13:45:06.510+00:00,509554898,-73,201,509542378,W10T_A7H_B-1-7
560322896,142_(W10T_A7H_3),2022-04-26T13:45:14.616+00:00,509554898,-68,196,509542314,W10T_A7H_B-1-6
560322895,142_(W10T_A7H_3),2022-04-26T13:45:14.616+00:00,509554898,-69,197,509542378,W10T_A7H_B-1-7
560322894,142_(W10T_A7H_3),2022-04-26T13:45:14.616+00:00,509554898,-72,200,509558438,W10T_A7H_B-1-10
560322935,142_(W10T_A7H_3),2022-04-26T13:45:20.719+00:00,509554898,-71,199,509542097,W10T_A7H_B-1-2
560322934,142_(W10T_A7H_3),2022-04-26T13:45:20.719+00:00,509554898,-71,199,509559720,W10T_A7H_B-1-19 TrÃ¤nke
560322989,142_(W10T_A7H_3),2022-04-26T13:45:31.845+00:00,509554898,-73,201,509542314,W10T_A7H_B-1-6
560322988,142_(W10T_A7H_3),2022-04-26T13:45:31.845+00:00,509554898,-75,203,509542378,W10T_A7H_B-1-7
560322987,142_(W10T_A7H_3),2022-04-26T13:45:31.845+00:00,509554898,-73,201,509542157,W10T_A7H_B-1-3
560323009,142_(W10T_A7H_3),2022-04-26T13:45:34.929+00:00,509554898,-70,198,509542097,W10T_A7H_B-1-2
560323008,142_(W10T_A7H_3),2022-04-26T13:45:34.929+00:00,509554898,-73,201,509558438,W10T_A7H_B-1-10
560323042,142_(W10T_A7H_3),2022-04-26T13:45:42.034+00:00,509554898,-73,201,509542097,W10T_A7H_B-1-2
560323041,142_(W10T_A7H_3),2022-04-26T13:45:42.034+00:00,509554898,-77,205,509542378,W10T_A7H_B-1-7
560323088,142_(W10T_A7H_3),2022-04-26T13:45:50.149+00:00,509554898,-76,204,509542378,W10T_A7H_B-1-7
560323087,142_(W10T_A7H_3),2022-04-26T13:45:50.149+00:00,509554898,-74,202,509542314,W10T_A7H_B-1-6
560323136,142_(W10T_A7H_3),2022-04-26T13:45:58.249+00:00,509554898,-71,199,509542097,W10T_A7H_B-1-2
560323135,142_(W10T_A7H_3),2022-04-26T13:45:58.249+00:00,509554898,-72,200,509542378,W10T_A7H_B-1-7
560323133,142_(W10T_A7H_3),2022-04-26T13:45:58.249+00:00,509554898,-72,200,509542314,W10T_A7H_B-1-6
560323192,142_(W10T_A7H_3),2022-04-26T13:46:03.349+00:00,509554898,-73,201,509542378,W10T_A7H_B-1-7
560323191,142_(W10T_A7H_3),2022-04-26T13:46:03.349+00:00,509554898,-70,198,509542314,W10T_A7H_B-1-6
560323190,142_(W10T_A7H_3),2022-04-26T13:46:03.349+00:00,509554898,-72,200,509542097,W10T_A7H_B-1-2
560323232,142_(W10T_A7H_3),2022-04-26T13:46:10.454+00:00,509554898,-72,200,509559720,W10T_A7H_B-1-19 TrÃ¤nke
560323230,142_(W10T_A7H_3),2022-04-26T13:46:10.454+00:00,509554898,-75,203,509542157,W10T_A7H_B-1-3
560323229,142_(W10T_A7H_3),2022-04-26T13:46:10.454+00:00,509554898,-74,202,509542378,W10T_A7H_B-1-7
560323277,142_(W10T_A7H_3),2022-04-26T13:46:20.565+00:00,509554898,-74,202,509559720,W10T_A7H_B-1-19 TrÃ¤nke
560323276,142_(W10T_A7H_3),2022-04-26T13:46:20.565+00:00,509554898,-73,201,509558438,W10T_A7H_B-1-10
560323318,142_(W10T_A7H_3),2022-04-26T13:46:27.675+00:00,509554898,-73,201,509542314,W10T_A7H_B-1-6
560323317,142_(W10T_A7H_3),2022-04-26T13:46:27.675+00:00,509554898,-73,201,509559720,W10T_A7H_B-1-19 TrÃ¤nke
560323316,142_(W10T_A7H_3),2022-04-26T13:46:27.675+00:00,509554898,-75,203,509542378,W10T_A7H_B-1-7
560323343,142_(W10T_A7H_3),2022-04-26T13:46:31.771+00:00,509554898,-75,203,509542097,W10T_A7H_B-1-2
560323342,142_(W10T_A7H_3),2022-04-26T13:46:31.771+00:00,509554898,-76,204,509542378,W10T_A7H_B-1-7
560323383,142_(W10T_A7H_3),2022-04-26T13:46:38.875+00:00,509554898,-78,206,509542378,W10T_A7H_B-1-7
560323382,142_(W10T_A7H_3),2022-04-26T13:46:38.875+00:00,509554898,-71,199,509558438,W10T_A7H_B-1-10
560323379,142_(W10T_A7H_3),2022-04-26T13:46:38.875+00:00,509554898,-71,199,509559720,W10T_A7H_B-1-19 TrÃ¤nke
560323456,142_(W10T_A7H_3),2022-04-26T13:46:54.086+00:00,509554898,-75,203,509542097,W10T_A7H_B-1-2
560323458,142_(W10T_A7H_3),2022-04-26T13:46:54.086+00:00,509554898,-73,201,509542314,W10T_A7H_B-1-6
560323457,142_(W10T_A7H_3),2022-04-26T13:46:54.086+00:00,509554898,-77,205,509542378,W10T_A7H_B-1-7
560323508,142_(W10T_A7H_3),2022-04-26T13:47:03.216+00:00,509554898,-75,203,509542378,W10T_A7H_B-1-7
560323566,142_(W10T_A7H_3),2022-04-26T13:47:12.316+00:00,509554898,-70,198,509542314,W10T_A7H_B-1-6
560323565,142_(W10T_A7H_3),2022-04-26T13:47:12.316+00:00,509554898,-73,201,509559720,W10T_A7H_B-1-19 TrÃ¤nke
560323564,142_(W10T_A7H_3),2022-04-26T13:47:12.316+00:00,509554898,-74,202,509542378,W10T_A7H_B-1-7
560323575,142_(W10T_A7H_3),2022-04-26T13:47:14.401+00:00,509554898,-73,201,509542097,W10T_A7H_B-1-2
560323574,142_(W10T_A7H_3),2022-04-26T13:47:14.401+00:00,509554898,-76,204,509542378,W10T_A7H_B-1-7
560323573,142_(W10T_A7H_3),2022-04-26T13:47:14.401+00:00,509554898,-71,199,509559720,W10T_A7H_B-1-19 TrÃ¤nke
560323611,142_(W10T_A7H_3),2022-04-26T13:47:21.506+00:00,509554898,-72,200,509558438,W10T_A7H_B-1-10
560323610,142_(W10T_A7H_3),2022-04-26T13:47:21.506+00:00,509554898,-72,200,509559720,W10T_A7H_B-1-19 TrÃ¤nke
560323659,142_(W10T_A7H_3),2022-04-26T13:47:30.630+00:00,509554898,-70,198,509542097,W10T_A7H_B-1-2
560323658,142_(W10T_A7H_3),2022-04-26T13:47:30.630+00:00,509554898,-77,205,509542378,W10T_A7H_B-1-7
560323657,142_(W10T_A7H_3),2022-04-26T13:47:30.630+00:00,509554898,-71,199,509559720,W10T_A7H_B-1-19 TrÃ¤nke
560323707,142_(W10T_A7H_3),2022-04-26T13:47:39.736+00:00,509554898,-72,200,509542378,W10T_A7H_B-1-7
560323706,142_(W10T_A7H_3),2022-04-26T13:47:39.736+00:00,509554898,-72,200,509542097,W10T_A7H_B-1-2
560323742,142_(W10T_A7H_3),2022-04-26T13:47:48.858+00:00,509554898,-74,202,509559720,W10T_A7H_B-1-19 TrÃ¤nke
560323741,142_(W10T_A7H_3),2022-04-26T13:47:48.858+00:00,509554898,-72,200,509542314,W10T_A7H_B-1-6
560323740,142_(W10T_A7H_3),2022-04-26T13:47:48.858+00:00,509554898,-77,205,509542378,W10T_A7H_B-1-7
560323753,142_(W10T_A7H_3),2022-04-26T13:47:49.925+00:00,509554898,-75,203,509558438,W10T_A7H_B-1-10
560323799,142_(W10T_A7H_3),2022-04-26T13:47:59.044+00:00,509554898,-74,202,509542157,W10T_A7H_B-1-3
560323857,142_(W10T_A7H_3),2022-04-26T13:48:04.136+00:00,509554898,-79,207,509542378,W10T_A7H_B-1-7
560323856,142_(W10T_A7H_3),2022-04-26T13:48:04.136+00:00,509554898,-76,204,509558438,W10T_A7H_B-1-10
560323854,142_(W10T_A7H_3),2022-04-26T13:48:04.136+00:00,509554898,-74,202,509542097,W10T_A7H_B-1-2
560323894,142_(W10T_A7H_3),2022-04-26T13:48:11.240+00:00,509554898,-80,208,509542378,W10T_A7H_B-1-7
560323936,142_(W10T_A7H_3),2022-04-26T13:48:19.349+00:00,509554898,-74,202,509542097,W10T_A7H_B-1-2
560323935,142_(W10T_A7H_3),2022-04-26T13:48:19.349+00:00,509554898,-71,199,509559720,W10T_A7H_B-1-19 TrÃ¤nke
560323933,142_(W10T_A7H_3),2022-04-26T13:48:19.349+00:00,509554898,-77,205,509542378,W10T_A7H_B-1-7
560323978,142_(W10T_A7H_3),2022-04-26T13:48:29.459+00:00,509554898,-73,201,509542378,W10T_A7H_B-1-7
560324006,142_(W10T_A7H_3),2022-04-26T13:48:32.555+00:00,509554898,-72,200,509558566,W10T_A7H_B-1-11
560324004,142_(W10T_A7H_3),2022-04-26T13:48:32.555+00:00,509554898,-73,201,509542157,W10T_A7H_B-1-3
560324056,142_(W10T_A7H_3),2022-04-26T13:48:40.660+00:00,509554898,-75,203,509542378,W10T_A7H_B-1-7
560324055,142_(W10T_A7H_3),2022-04-26T13:48:40.660+00:00,509554898,-72,200,509559720,W10T_A7H_B-1-19 TrÃ¤nke
560324057,142_(W10T_A7H_3),2022-04-26T13:48:40.660+00:00,509554898,-73,201,509542097,W10T_A7H_B-1-2
560324119,142_(W10T_A7H_3),2022-04-26T13:48:54.876+00:00,509554898,-72,200,509542314,W10T_A7H_B-1-6
560324118,142_(W10T_A7H_3),2022-04-26T13:48:54.876+00:00,509554898,-72,200,509558438,W10T_A7H_B-1-10
560324117,142_(W10T_A7H_3),2022-04-26T13:48:54.876+00:00,509554898,-83,211,509542378,W10T_A7H_B-1-7
560324157,142_(W10T_A7H_3),2022-04-26T13:49:00.975+00:00,509554898,-82,210,509542378,W10T_A7H_B-1-7
560324156,142_(W10T_A7H_3),2022-04-26T13:49:00.975+00:00,509554898,-73,201,509542097,W10T_A7H_B-1-2
560324238,142_(W10T_A7H_3),2022-04-26T13:49:09.089+00:00,509554898,-79,207,509542378,W10T_A7H_B-1-7
560324237,142_(W10T_A7H_3),2022-04-26T13:49:09.089+00:00,509554898,-75,203,509542097,W10T_A7H_B-1-2
560324280,142_(W10T_A7H_3),2022-04-26T13:49:17.188+00:00,509554898,-74,202,509542378,W10T_A7H_B-1-7
560324279,142_(W10T_A7H_3),2022-04-26T13:49:17.188+00:00,509554898,-70,198,509558438,W10T_A7H_B-1-10
560324278,142_(W10T_A7H_3),2022-04-26T13:49:17.188+00:00,509554898,-74,202,509542097,W10T_A7H_B-1-2
560324304,142_(W10T_A7H_3),2022-04-26T13:49:25.297+00:00,509554898,-73,201,509542314,W10T_A7H_B-1-6
560324305,142_(W10T_A7H_3),2022-04-26T13:49:25.297+00:00,509554898,-76,204,509542378,W10T_A7H_B-1-7
560324324,142_(W10T_A7H_3),2022-04-26T13:49:30.399+00:00,509554898,-78,206,509542378,W10T_A7H_B-1-7
560324323,142_(W10T_A7H_3),2022-04-26T13:49:30.399+00:00,509554898,-78,206,509559720,W10T_A7H_B-1-19 TrÃ¤nke
560324404,142_(W10T_A7H_3),2022-04-26T13:49:46.616+00:00,509554898,-78,206,509542378,W10T_A7H_B-1-7
560324427,142_(W10T_A7H_3),2022-04-26T13:49:50.710+00:00,509554898,-73,201,509542378,W10T_A7H_B-1-7
560324426,142_(W10T_A7H_3),2022-04-26T13:49:50.710+00:00,509554898,-73,201,509542097,W10T_A7H_B-1-2
560324425,142_(W10T_A7H_3),2022-04-26T13:49:50.710+00:00,509554898,-71,199,509559720,W10T_A7H_B-1-19 TrÃ¤nke
560324454,142_(W10T_A7H_3),2022-04-26T13:49:57.815+00:00,509554898,-72,200,509542378,W10T_A7H_B-1-7
560324453,142_(W10T_A7H_3),2022-04-26T13:49:57.815+00:00,509554898,-76,204,509542097,W10T_A7H_B-1-2
560324523,142_(W10T_A7H_3),2022-04-26T13:50:05.929+00:00,509554898,-74,202,509542097,W10T_A7H_B-1-2
560324521,142_(W10T_A7H_3),2022-04-26T13:50:05.929+00:00,509554898,-71,199,509559720,W10T_A7H_B-1-19 TrÃ¤nke
560324554,142_(W10T_A7H_3),2022-04-26T13:50:12.027+00:00,509554898,-78,206,509542378,W10T_A7H_B-1-7
560324588,142_(W10T_A7H_3),2022-04-26T13:50:19.132+00:00,509554898,-72,200,509558438,W10T_A7H_B-1-10
560324587,142_(W10T_A7H_3),2022-04-26T13:50:19.132+00:00,509554898,-74,202,509542378,W10T_A7H_B-1-7
560324586,142_(W10T_A7H_3),2022-04-26T13:50:19.132+00:00,509554898,-72,200,509559720,W10T_A7H_B-1-19 TrÃ¤nke
560324621,142_(W10T_A7H_3),2022-04-26T13:50:26.236+00:00,509554898,-73,201,509542097,W10T_A7H_B-1-2
560324620,142_(W10T_A7H_3),2022-04-26T13:50:26.236+00:00,509554898,-75,203,509542378,W10T_A7H_B-1-7
560324666,142_(W10T_A7H_3),2022-04-26T13:50:33.339+00:00,509554898,-82,210,509542378,W10T_A7H_B-1-7
560324665,142_(W10T_A7H_3),2022-04-26T13:50:33.339+00:00,509554898,-73,201,509558438,W10T_A7H_B-1-10
560324724,142_(W10T_A7H_3),2022-04-26T13:50:41.454+00:00,509554898,-72,200,509558438,W10T_A7H_B-1-10
560324723,142_(W10T_A7H_3),2022-04-26T13:50:41.454+00:00,509554898,-81,209,509542378,W10T_A7H_B-1-7
560324722,142_(W10T_A7H_3),2022-04-26T13:50:41.454+00:00,509554898,-75,203,509542097,W10T_A7H_B-1-2
560324785,142_(W10T_A7H_3),2022-04-26T13:50:54.656+00:00,509554898,-73,201,509558666,W10T_A7H_B-1-12
560324784,142_(W10T_A7H_3),2022-04-26T13:50:54.656+00:00,509554898,-80,208,509542378,W10T_A7H_B-1-7
560324847,142_(W10T_A7H_3),2022-04-26T13:51:02.763+00:00,509554898,-72,200,509542314,W10T_A7H_B-1-6
560324852,142_(W10T_A7H_3),2022-04-26T13:51:02.763+00:00,509554898,-79,207,509542378,W10T_A7H_B-1-7
560324850,142_(W10T_A7H_3),2022-04-26T13:51:02.763+00:00,509554898,-75,203,509542097,W10T_A7H_B-1-2
560324917,142_(W10T_A7H_3),2022-04-26T13:51:09.869+00:00,509554898,-76,204,509542378,W10T_A7H_B-1-7
560324916,142_(W10T_A7H_3),2022-04-26T13:51:09.869+00:00,509554898,-75,203,509559720,W10T_A7H_B-1-19 TrÃ¤nke
560324959,142_(W10T_A7H_3),2022-04-26T13:51:17.973+00:00,509554898,-74,202,509542378,W10T_A7H_B-1-7
560324958,142_(W10T_A7H_3),2022-04-26T13:51:17.973+00:00,509554898,-76,204,509542097,W10T_A7H_B-1-2
560324957,142_(W10T_A7H_3),2022-04-26T13:51:17.973+00:00,509554898,-73,201,509542314,W10T_A7H_B-1-6
560325041,142_(W10T_A7H_3),2022-04-26T13:51:32.189+00:00,509554898,-72,200,509542314,W10T_A7H_B-1-6
560325040,142_(W10T_A7H_3),2022-04-26T13:51:32.189+00:00,509554898,-74,202,509559720,W10T_A7H_B-1-19 TrÃ¤nke
560325038,142_(W10T_A7H_3),2022-04-26T13:51:32.189+00:00,509554898,-73,201,509558438,W10T_A7H_B-1-10
560325113,142_(W10T_A7H_3),2022-04-26T13:51:41.307+00:00,509554898,-76,204,509542378,W10T_A7H_B-1-7
560325112,142_(W10T_A7H_3),2022-04-26T13:51:41.307+00:00,509554898,-72,200,509558438,W10T_A7H_B-1-10
560325125,142_(W10T_A7H_3),2022-04-26T13:51:44.390+00:00,509554898,-75,203,509542378,W10T_A7H_B-1-7
560325124,142_(W10T_A7H_3),2022-04-26T13:51:44.390+00:00,509554898,-72,200,509542157,W10T_A7H_B-1-3
560325123,142_(W10T_A7H_3),2022-04-26T13:51:44.390+00:00,509554898,-71,199,509558438,W10T_A7H_B-1-10
560325159,142_(W10T_A7H_3),2022-04-26T13:51:52.500+00:00,509554898,-74,202,509559720,W10T_A7H_B-1-19 TrÃ¤nke
560325158,142_(W10T_A7H_3),2022-04-26T13:51:52.500+00:00,509554898,-79,207,509542378,W10T_A7H_B-1-7
560325199,142_(W10T_A7H_3),2022-04-26T13:51:59.607+00:00,509554898,-77,205,509558438,W10T_A7H_B-1-10
560325201,142_(W10T_A7H_3),2022-04-26T13:51:59.607+00:00,509554898,-77,205,509559720,W10T_A7H_B-1-19 TrÃ¤nke
560325200,142_(W10T_A7H_3),2022-04-26T13:51:59.607+00:00,509554898,-75,203,509542097,W10T_A7H_B-1-2
560325320,142_(W10T_A7H_3),2022-04-26T13:52:14.822+00:00,509554898,-75,203,509559720,W10T_A7H_B-1-19 TrÃ¤nke
560325319,142_(W10T_A7H_3),2022-04-26T13:52:14.822+00:00,509554898,-73,201,509542097,W10T_A7H_B-1-2
560325317,142_(W10T_A7H_3),2022-04-26T13:52:14.822+00:00,509554898,-74,202,509542378,W10T_A7H_B-1-7
560325365,142_(W10T_A7H_3),2022-04-26T13:52:24.688+00:00,509554898,-73,201,509558438,W10T_A7H_B-1-10
560325364,142_(W10T_A7H_3),2022-04-26T13:52:24.688+00:00,509554898,-78,206,509542378,W10T_A7H_B-1-7
560325392,142_(W10T_A7H_3),2022-04-26T13:52:31.798+00:00,509554898,-80,208,509542378,W10T_A7H_B-1-7
560325391,142_(W10T_A7H_3),2022-04-26T13:52:31.798+00:00,509554898,-74,202,509558438,W10T_A7H_B-1-10
560325430,142_(W10T_A7H_3),2022-04-26T13:52:38.907+00:00,509554898,-77,205,509542378,W10T_A7H_B-1-7
560325431,142_(W10T_A7H_3),2022-04-26T13:52:38.907+00:00,509554898,-75,203,509542097,W10T_A7H_B-1-2
560325429,142_(W10T_A7H_3),2022-04-26T13:52:38.907+00:00,509554898,-73,201,509559720,W10T_A7H_B-1-19 TrÃ¤nke
560325457,142_(W10T_A7H_3),2022-04-26T13:52:45.002+00:00,509554898,-73,201,509542378,W10T_A7H_B-1-7
560325456,142_(W10T_A7H_3),2022-04-26T13:52:45.002+00:00,509554898,-74,202,509542097,W10T_A7H_B-1-2
560325489,142_(W10T_A7H_3),2022-04-26T13:52:54.619+00:00,509554898,-73,201,509558566,W10T_A7H_B-1-11
560325488,142_(W10T_A7H_3),2022-04-26T13:52:54.619+00:00,509554898,-73,201,509542314,W10T_A7H_B-1-6
560325518,142_(W10T_A7H_3),2022-04-26T13:53:01.726+00:00,509554898,-72,200,509542157,W10T_A7H_B-1-3
560325516,142_(W10T_A7H_3),2022-04-26T13:53:01.726+00:00,509554898,-73,201,509542378,W10T_A7H_B-1-7
560325599,142_(W10T_A7H_3),2022-04-26T13:53:10.843+00:00,509554898,-75,203,509558438,W10T_A7H_B-1-10
560325598,142_(W10T_A7H_3),2022-04-26T13:53:10.843+00:00,509554898,-73,201,509542097,W10T_A7H_B-1-2
560325617,142_(W10T_A7H_3),2022-04-26T13:53:14.932+00:00,509554898,-72,200,509542097,W10T_A7H_B-1-2
560325616,142_(W10T_A7H_3),2022-04-26T13:53:14.932+00:00,509554898,-75,203,509542378,W10T_A7H_B-1-7
560325646,142_(W10T_A7H_3),2022-04-26T13:53:22.036+00:00,509554898,-72,200,509542157,W10T_A7H_B-1-3
560325645,142_(W10T_A7H_3),2022-04-26T13:53:22.036+00:00,509554898,-72,200,509558438,W10T_A7H_B-1-10
560325644,142_(W10T_A7H_3),2022-04-26T13:53:22.036+00:00,509554898,-78,206,509542378,W10T_A7H_B-1-7
560325681,142_(W10T_A7H_3),2022-04-26T13:53:31.158+00:00,509554898,-75,203,509559720,W10T_A7H_B-1-19 TrÃ¤nke
560325680,142_(W10T_A7H_3),2022-04-26T13:53:31.158+00:00,509554898,-77,205,509542378,W10T_A7H_B-1-7
560325715,142_(W10T_A7H_3),2022-04-26T13:53:36.246+00:00,509554898,-81,209,509542378,W10T_A7H_B-1-7
560325714,142_(W10T_A7H_3),2022-04-26T13:53:36.246+00:00,509554898,-76,204,509559720,W10T_A7H_B-1-19 TrÃ¤nke
560325763,142_(W10T_A7H_3),2022-04-26T13:53:46.374+00:00,509554898,-79,207,509542378,W10T_A7H_B-1-7
560325762,142_(W10T_A7H_3),2022-04-26T13:53:46.374+00:00,509554898,-77,205,509558438,W10T_A7H_B-1-10
560325761,142_(W10T_A7H_3),2022-04-26T13:53:46.374+00:00,509554898,-75,203,509559720,W10T_A7H_B-1-19 TrÃ¤nke
560325790,142_(W10T_A7H_3),2022-04-26T13:53:50.457+00:00,509554898,-78,206,509542378,W10T_A7H_B-1-7
560325824,142_(W10T_A7H_3),2022-04-26T13:53:58.526+00:00,509554898,-77,205,509542378,W10T_A7H_B-1-7
560325823,142_(W10T_A7H_3),2022-04-26T13:53:58.526+00:00,509554898,-73,201,509542097,W10T_A7H_B-1-2
560325928,142_(W10T_A7H_3),2022-04-26T13:54:10.640+00:00,509554898,-76,204,509542378,W10T_A7H_B-1-7
560325927,142_(W10T_A7H_3),2022-04-26T13:54:10.640+00:00,509554898,-72,200,509558438,W10T_A7H_B-1-10
560325932,142_(W10T_A7H_3),2022-04-26T13:54:12.735+00:00,509554898,-75,203,509542378,W10T_A7H_B-1-7
560325931,142_(W10T_A7H_3),2022-04-26T13:54:12.735+00:00,509554898,-75,203,509542097,W10T_A7H_B-1-2
560325930,142_(W10T_A7H_3),2022-04-26T13:54:12.735+00:00,509554898,-72,200,509542157,W10T_A7H_B-1-3
560325956,142_(W10T_A7H_3),2022-04-26T13:54:19.839+00:00,509554898,-77,205,509542378,W10T_A7H_B-1-7
560326013,142_(W10T_A7H_3),2022-04-26T13:54:29.955+00:00,509554898,-71,199,509559720,W10T_A7H_B-1-19 TrÃ¤nke
560326012,142_(W10T_A7H_3),2022-04-26T13:54:29.955+00:00,509554898,-72,200,509558438,W10T_A7H_B-1-10
560326011,142_(W10T_A7H_3),2022-04-26T13:54:29.955+00:00,509554898,-72,200,509542378,W10T_A7H_B-1-7
560326036,142_(W10T_A7H_3),2022-04-26T13:54:35.055+00:00,509554898,-72,200,509542157,W10T_A7H_B-1-3
560326035,142_(W10T_A7H_3),2022-04-26T13:54:35.055+00:00,509554898,-80,208,509542378,W10T_A7H_B-1-7
560326093,142_(W10T_A7H_3),2022-04-26T13:54:46.983+00:00,509554898,-71,199,509542157,W10T_A7H_B-1-3
560326092,142_(W10T_A7H_3),2022-04-26T13:54:46.983+00:00,509554898,-71,199,509542097,W10T_A7H_B-1-2
560326091,142_(W10T_A7H_3),2022-04-26T13:54:46.983+00:00,509554898,-78,206,509542378,W10T_A7H_B-1-7
560326123,142_(W10T_A7H_3),2022-04-26T13:54:54.091+00:00,509554898,-83,211,509542378,W10T_A7H_B-1-7
560326122,142_(W10T_A7H_3),2022-04-26T13:54:54.091+00:00,509554898,-71,199,509542314,W10T_A7H_B-1-6
560326121,142_(W10T_A7H_3),2022-04-26T13:54:54.091+00:00,509554898,-76,204,509559720,W10T_A7H_B-1-19 TrÃ¤nke
560326165,142_(W10T_A7H_3),2022-04-26T13:55:01.195+00:00,509554898,-76,204,509542378,W10T_A7H_B-1-7
560326237,142_(W10T_A7H_3),2022-04-26T13:55:09.302+00:00,509554898,-70,198,509542097,W10T_A7H_B-1-2
560326236,142_(W10T_A7H_3),2022-04-26T13:55:09.302+00:00,509554898,-72,200,509559720,W10T_A7H_B-1-19 TrÃ¤nke
560326235,142_(W10T_A7H_3),2022-04-26T13:55:09.302+00:00,509554898,-75,203,509542378,W10T_A7H_B-1-7
560326263,142_(W10T_A7H_3),2022-04-26T13:55:15.405+00:00,509554898,-73,201,509558438,W10T_A7H_B-1-10
560326262,142_(W10T_A7H_3),2022-04-26T13:55:15.405+00:00,509554898,-73,201,509542314,W10T_A7H_B-1-6
560326261,142_(W10T_A7H_3),2022-04-26T13:55:15.405+00:00,509554898,-77,205,509542378,W10T_A7H_B-1-7
560326290,142_(W10T_A7H_3),2022-04-26T13:55:22.509+00:00,509554898,-74,202,509542157,W10T_A7H_B-1-3
560326289,142_(W10T_A7H_3),2022-04-26T13:55:22.509+00:00,509554898,-76,204,509542378,W10T_A7H_B-1-7
560326288,142_(W10T_A7H_3),2022-04-26T13:55:22.509+00:00,509554898,-75,203,509542097,W10T_A7H_B-1-2
560326338,142_(W10T_A7H_3),2022-04-26T13:55:30.617+00:00,509554898,-77,205,509542378,W10T_A7H_B-1-7
560326337,142_(W10T_A7H_3),2022-04-26T13:55:30.617+00:00,509554898,-73,201,509542097,W10T_A7H_B-1-2
560326336,142_(W10T_A7H_3),2022-04-26T13:55:30.617+00:00,509554898,-74,202,509558438,W10T_A7H_B-1-10
560326378,142_(W10T_A7H_3),2022-04-26T13:55:37.729+00:00,509554898,-74,202,509542097,W10T_A7H_B-1-2
560326377,142_(W10T_A7H_3),2022-04-26T13:55:37.729+00:00,509554898,-78,206,509542378,W10T_A7H_B-1-7
560326419,142_(W10T_A7H_3),2022-04-26T13:55:43.826+00:00,509554898,-72,200,509558438,W10T_A7H_B-1-10
560326418,142_(W10T_A7H_3),2022-04-26T13:55:43.826+00:00,509554898,-73,201,509559720,W10T_A7H_B-1-19 TrÃ¤nke
560326453,142_(W10T_A7H_3),2022-04-26T13:55:50.929+00:00,509554898,-73,201,509542378,W10T_A7H_B-1-7
560326452,142_(W10T_A7H_3),2022-04-26T13:55:50.929+00:00,509554898,-73,201,509542097,W10T_A7H_B-1-2
560326493,142_(W10T_A7H_3),2022-04-26T13:56:00.040+00:00,509554898,-75,203,509542097,W10T_A7H_B-1-2
560326492,142_(W10T_A7H_3),2022-04-26T13:56:00.040+00:00,509554898,-72,200,509542378,W10T_A7H_B-1-7
560326491,142_(W10T_A7H_3),2022-04-26T13:56:00.040+00:00,509554898,-73,201,509542157,W10T_A7H_B-1-3
560326556,142_(W10T_A7H_3),2022-04-26T13:56:06.142+00:00,509554898,-74,202,509559720,W10T_A7H_B-1-19 TrÃ¤nke
560326555,142_(W10T_A7H_3),2022-04-26T13:56:06.142+00:00,509554898,-72,200,509542314,W10T_A7H_B-1-6
560326554,142_(W10T_A7H_3),2022-04-26T13:56:06.142+00:00,509554898,-76,204,509542378,W10T_A7H_B-1-7
560326586,142_(W10T_A7H_3),2022-04-26T13:56:12.244+00:00,509554898,-75,203,509542378,W10T_A7H_B-1-7
560326585,142_(W10T_A7H_3),2022-04-26T13:56:12.244+00:00,509554898,-74,202,509542097,W10T_A7H_B-1-2
560326631,142_(W10T_A7H_3),2022-04-26T13:56:20.354+00:00,509554898,-72,200,509542378,W10T_A7H_B-1-7
560326630,142_(W10T_A7H_3),2022-04-26T13:56:20.354+00:00,509554898,-71,199,509542097,W10T_A7H_B-1-2
560326629,142_(W10T_A7H_3),2022-04-26T13:56:20.354+00:00,509554898,-73,201,509558438,W10T_A7H_B-1-10
560326657,142_(W10T_A7H_3),2022-04-26T13:56:26.456+00:00,509554898,-76,204,509542378,W10T_A7H_B-1-7
560326656,142_(W10T_A7H_3),2022-04-26T13:56:26.456+00:00,509554898,-72,200,509542097,W10T_A7H_B-1-2
560326654,142_(W10T_A7H_3),2022-04-26T13:56:26.456+00:00,509554898,-71,199,509542029,W10T_A7H_B-1-1
560326714,142_(W10T_A7H_3),2022-04-26T13:56:35.562+00:00,509554898,-76,204,509542314,W10T_A7H_B-1-6
560326713,142_(W10T_A7H_3),2022-04-26T13:56:35.562+00:00,509554898,-75,203,509542097,W10T_A7H_B-1-2
560326712,142_(W10T_A7H_3),2022-04-26T13:56:35.562+00:00,509554898,-75,203,509542378,W10T_A7H_B-1-7
560326737,142_(W10T_A7H_3),2022-04-26T13:56:41.669+00:00,509554898,-75,203,509559720,W10T_A7H_B-1-19 TrÃ¤nke
560326735,142_(W10T_A7H_3),2022-04-26T13:56:41.669+00:00,509554898,-76,204,509542378,W10T_A7H_B-1-7
560326768,142_(W10T_A7H_3),2022-04-26T13:56:47.769+00:00,509554898,-74,202,509542097,W10T_A7H_B-1-2
560326767,142_(W10T_A7H_3),2022-04-26T13:56:47.769+00:00,509554898,-72,200,509558438,W10T_A7H_B-1-10
560326798,142_(W10T_A7H_3),2022-04-26T13:56:54.874+00:00,509554898,-73,201,509559720,W10T_A7H_B-1-19 TrÃ¤nke
560326799,142_(W10T_A7H_3),2022-04-26T13:56:54.874+00:00,509554898,-72,200,509542097,W10T_A7H_B-1-2
